Region	Category	2020-02-23	2020-02-24	2020-02-25	2020-02-26	2020-02-27	2020-02-28	2020-02-29	2020-03-01	2020-03-02	2020-03-03	2020-03-04	2020-03-05	2020-03-06	2020-03-07	2020-03-08	2020-03-09	2020-03-10	2020-03-11	2020-03-12	2020-03-13	2020-03-14	2020-03-15	2020-03-16	2020-03-17	2020-03-18	2020-03-19	2020-03-20	2020-03-21	2020-03-22	2020-03-23	2020-03-24	2020-03-25	2020-03-26	2020-03-27	2020-03-28	2020-03-29	2020-03-30	2020-03-31	2020-04-01	2020-04-02	2020-04-03	2020-04-04	2020-04-05
Japan	Retail & recreation	19.0	34.5	15.0	11.0	12.0	12.0	3.0	3.0	4.0	12.5	1.0	5.0	4.0	1.0	-4.5	6.5	4.0	10.5	12.0	9.0	-1.5	6.0	7.0	14.0	12.0	20.0	23.0	8.5	5.0	10.0	15.0	17.0	15.5	4.5	-5.5	-15.0	3.5	9.0	-5.5	-0.5	-2.0	-8.5	-14.5
Japan	Grocery & pharmacy	19.5	20.5	23.0	20.0	24.5	31.5	26.5	26.0	19.0	25.5	14.0	19.0	17.5	18.0	11.0	17.5	12.5	20.0	22.0	19.0	10.5	21.0	16.0	20.0	19.5	23.0	23.0	21.0	17.0	16.0	19.0	25.0	30.0	19.5	17.0	7.5	18.0	23.0	12.0	22.0	22.5	23.0	19.0
Japan	Parks	41.5	70.5	15.0	9.0	10.5	8.5	-9.0	12.5	-1.0	24.5	-8.0	5.0	20.0	4.5	-21.0	22.5	-13.0	25.5	34.0	25.0	-25.0	23.5	8.5	31.0	39.0	37.0	60.5	55.0	38.5	28.0	32.0	50.5	46.0	7.5	-10.5	-13.5	8.5	24.0	-12.0	25.0	43.0	46.0	22.5
Japan	Transit stations	10.5	-11.5	13.0	9.0	7.0	2.0	-9.5	-11.5	-3.0	-3.0	-7.0	-5.5	-7.0	-13.0	-20.0	-3.5	-6.0	-3.0	-3.0	-5.0	-16.5	-10.0	-3.0	-2.0	-0.5	2.5	-23.5	-4.0	-5.0	0.0	0.0	2.0	0.0	-6.5	-22.0	-31.5	-10.5	-7.5	-13.0	-12.5	-13.5	-24.0	-34.0
Japan	Workplace	1.5	-40.0	16.0	16.0	15.5	16.0	18.5	16.5	13.0	12.0	10.0	11.0	11.0	11.0	9.0	11.5	9.0	10.0	10.0	10.0	7.0	12.0	11.5	10.5	11.0	7.5	-42.0	0.0	11.0	11.0	10.0	10.0	9.0	7.0	6.0	5.0	6.0	6.5	4.0	3.0	2.5	1.0	-0.5
Japan	Residential	19.0	30.5	17.0	17.0	17.5	18.5	20.5	20.0	20.0	20.0	21.0	21.0	21.5	22.0	22.0	20.0	22.0	20.0	20.0	21.0	23.0	20.0	20.0	20.0	19.0	18.5	35.0	21.0	19.0	19.5	20.0	19.0	19.0	22.5	24.0	24.0	22.0	22.0	23.5	23.0	24.0	25.0	25.0
Aichi	Retail & recreation	0.5	15.0	-3.0	-2.0	-3.0	-3.0	-10.0	-10.5	-7.0	-3.5	-13.0	-9.0	-11.5	-13.0	-22.5	-7.0	-13.0	-5.5	-4.0	-7.0	-13.0	-11.0	-9.0	-6.0	-5.0	2.5	1.0	-8.5	-11.0	-6.0	-4.0	-1.5	0.0	-11.0	-13.0	-15.0	-10.0	-7.0	-14.5	-11.0	-12.0	-14.5	-19.0
Aichi	Grocery & pharmacy	1.5	2.0	4.0	3.5	6.5	12.0	9.0	9.0	5.5	5.5	-1.5	2.0	1.5	2.5	-9.0	1.0	-4.5	3.0	4.0	2.0	-2.0	2.0	-1.0	1.5	3.0	3.0	2.0	2.5	0.0	0.0	1.5	5.0	8.5	-2.5	2.0	0.0	-1.0	3.0	-5.5	4.0	5.0	7.0	4.5
Aichi	Parks	8.5	43.0	0.0	3.5	-2.0	-4.0	-25.0	6.5	9.0	14.0	-19.0	-8.0	5.0	2.0	-46.0	15.5	-27.0	7.0	22.0	13.5	-33.5	8.5	-4.0	18.5	21.0	18.0	17.5	28.0	20.5	18.0	10.5	27.5	33.5	-23.5	-13.5	-11.5	-14.0	-4.5	-20.5	20.5	44.5	51.0	22.5
Aichi	Transit stations	-9.0	-23.5	-5.0	-6.5	-10.0	-15.0	-29.5	-28.5	-18.0	-21.0	-21.5	-22.0	-24.5	-33.5	-40.5	-19.5	-23.0	-20.0	-20.0	-22.0	-34.5	-31.5	-18.5	-19.0	-17.0	-15.0	-39.0	-29.0	-26.0	-16.0	-17.5	-15.0	-15.0	-20.5	-31.0	-35.0	-21.5	-20.0	-21.5	-22.0	-23.5	-35.0	-42.0
Aichi	Workplace	-13.0	-35.5	0.5	0.5	0.0	0.5	1.0	0.0	-1.5	-3.5	-3.0	-3.5	-3.5	-4.0	-7.0	-3.0	-5.0	-4.0	-4.0	-4.0	-6.5	-3.5	-3.0	-3.0	-3.0	-7.5	-39.0	-9.5	-4.0	-4.0	-4.5	-4.5	-5.0	-7.0	-6.0	-5.0	-7.0	-6.0	-7.0	-8.0	-8.0	-10.5	-10.5
Aichi	Residential	2.5	9.5	0.5	0.5	1.0	2.0	4.0	3.0	2.5	3.0	4.0	4.0	4.5	5.0	7.0	3.0	5.0	3.0	3.0	4.0	6.0	3.5	3.5	3.0	2.5	2.0	14.0	4.0	3.0	3.0	3.0	2.5	2.5	6.0	6.0	5.0	4.5	4.5	5.5	5.0	5.5	6.0	6.5
Akita	Retail & recreation	2.0	21.0	5.0	5.0	2.0	1.0	0.0	-4.5	-3.5	0.0	-3.0	-8.5	-7.5	-6.0	-6.0	-3.0	-2.0	-2.5	2.5	-5.5	1.0	-0.5	-3.0	0.0	3.0	12.5	8.0	-0.5	-6.0	1.0	5.0	10.0	9.0	3.0	2.0	-1.0	5.5	5.5	-3.5	-6.0	-8.0	-8.0	-13.5
Akita	Grocery & pharmacy	-2.0	1.5	6.5	6.0	5.0	6.5	12.0	9.0	2.5	5.5	2.5	-3.0	-3.0	3.0	1.0	-2.0	2.5	1.0	3.5	-4.0	4.5	5.0	-2.0	-1.0	4.0	9.5	-1.0	1.0	-3.0	-1.0	1.0	8.0	6.5	-1.0	6.0	4.0	1.0	3.5	3.5	1.5	-1.5	4.0	1.5
Akita	Parks	-17.0	12.0	5.0	14.5	2.5	-3.0	-3.0	-18.0	-1.0	-1.5	3.5	-14.5	-3.5	21.0	34.0	32.0	-9.0	-3.0	10.5	-6.5	13.5	18.0	2.5	-3.5	16.5	34.0	-13.0	-2.0	-23.0	18.5	7.0	28.0	21.0	5.0	20.5	19.0	31.0	28.0	4.5	0.5	15.5	32.5	-16.0
Akita	Transit stations	-8.5	1.0	-1.0	2.0	-3.5	-17.5	-23.0	-26.0	-23.5	-27.0	-21.0	-26.0	-27.0	-22.0	-21.0	-14.5	-23.0	-22.5	-17.5	-27.5	-20.0	-17.0	-17.0	-20.0	-13.5	-3.5	-26.0	-15.0	-16.0	-11.0	-15.5	-8.5	-11.0	-18.0	-16.5	-20.0	-13.0	-16.0	-20.0	-21.0	-25.0	-26.0	-36.0
Akita	Workplace	-15.5	-43.5	0.0	1.0	1.5	3.0	8.0	3.0	-1.5	-1.0	-1.5	-1.5	-1.0	0.0	-1.5	-3.5	-3.0	-2.5	-1.5	-2.0	-5.0	-2.0	-3.0	-3.0	-2.0	-5.5	-47.0	-10.5	-2.5	-3.5	-3.0	-3.0	-2.5	-2.5	-3.0	-1.0	-6.0	-4.5	-6.0	-6.5	-7.0	-7.0	-6.5
Akita	Residential	3.5	11.0	-0.5	-1.0	0.0	1.0	1.0	2.5	2.0	2.5	2.5	4.0	3.5	3.0	2.5	2.0	3.0	3.0	2.5	4.0	3.0	2.0	3.0	3.0	1.5	0.5	16.5	4.0	2.5	1.5	2.0	1.0	1.5	2.5	2.0	2.0	2.0	2.0	2.0	3.5	4.0	4.5	6.0
Aomori	Retail & recreation	2.5	24.0	5.0	3.0	0.5	0.0	-3.0	-8.0	-5.0	-1.0	1.0	-5.0	-8.0	-6.5	-7.0	-3.0	0.5	3.0	4.0	-2.0	-1.0	-6.0	-4.0	3.0	6.0	13.5	9.5	-1.5	-5.5	0.0	4.0	10.0	4.0	-2.0	-4.5	-10.0	0.0	3.0	-3.5	-7.0	-11.0	-15.0	-21.0
Aomori	Grocery & pharmacy	-2.0	2.0	5.0	5.5	5.0	9.0	12.0	7.5	1.0	6.0	5.0	0.0	-3.0	1.0	0.0	-3.0	2.0	4.0	3.5	-3.0	2.0	2.0	-1.5	2.0	5.0	7.0	-1.0	1.0	-1.0	-2.0	2.5	10.5	6.0	2.0	2.5	0.5	-1.0	4.0	5.0	2.0	0.0	3.0	1.5
Aomori	Parks	-18.0	-5.0	1.5	7.5	-0.5	-7.0	-10.0	-16.0	-9.0	-3.0	13.5	-2.5	-6.0	5.5	23.5	12.5	-6.0	5.5	5.0	-13.0	0.0	-3.5	-16.5	3.0	18.5	22.0	-16.0	-0.5	0.0	9.0	8.0	23.5	13.5	9.0	7.0	9.5	18.5	21.0	9.5	-5.0	5.5	16.5	-8.0
Aomori	Transit stations	-10.0	-5.5	1.0	0.0	-5.5	-14.0	-19.5	-24.5	-20.5	-20.0	-16.0	-19.5	-23.0	-21.0	-15.0	-16.0	-20.0	-15.0	-15.0	-22.5	-16.5	-17.0	-20.0	-13.0	-11.0	-5.5	-28.0	-14.5	-10.0	-13.0	-15.0	-10.0	-13.0	-19.0	-19.0	-20.0	-16.5	-16.0	-19.0	-23.0	-26.5	-26.0	-33.5
Aomori	Workplace	-14.5	-41.5	0.5	1.5	0.5	2.0	7.0	3.0	-1.5	-2.0	-1.5	-2.5	-2.0	-1.5	-2.0	-2.5	-3.5	-3.0	-3.0	-4.0	-4.0	-2.0	-4.0	-2.5	-1.0	-7.0	-45.0	-8.5	-2.5	-2.5	-4.0	-3.5	-4.0	-4.5	-3.0	-1.0	-5.5	-5.0	-6.0	-8.0	-8.0	-6.5	-8.0
Aomori	Residential	3.5	11.0	-0.5	-0.5	0.5	1.0	1.0	2.0	2.5	2.5	2.0	3.0	3.5	2.5	2.0	2.5	3.0	2.0	2.0	4.0	2.0	2.5	3.0	2.0	1.0	0.5	15.5	3.0	1.5	2.0	2.0	1.0	2.0	3.0	2.5	2.5	2.0	2.0	2.5	4.0	4.5	4.5	5.5
Chiba	Retail & recreation	3.5	21.0	-3.0	-8.0	-4.5	-2.5	-12.0	-14.0	-17.0	-4.5	-17.0	-11.0	-12.0	-15.0	-20.5	-11.5	-12.5	-6.0	-5.0	-7.5	-23.0	-8.5	-10.0	-3.5	-5.0	0.0	11.0	-6.0	-11.0	-10.5	-4.0	-2.5	-0.5	-8.5	-22.0	-39.5	-15.5	-9.0	-23.5	-17.0	-15.0	-24.5	-34.0
Chiba	Grocery & pharmacy	5.5	5.0	5.0	2.0	8.5	16.0	9.5	7.0	-2.0	7.0	-3.5	2.0	2.0	0.0	-6.0	0.5	-4.0	6.0	4.5	3.5	-10.5	9.0	0.0	4.0	4.5	5.0	10.0	6.0	3.0	-2.0	2.0	9.0	16.5	9.5	-1.0	-20.5	3.0	6.0	-7.5	4.0	7.5	5.5	-0.5
Chiba	Parks	40.0	56.5	-2.5	-12.5	-2.0	1.5	-0.5	14.0	-28.5	17.5	-23.5	-3.0	11.5	-20.0	-42.0	3.5	-23.0	38.5	26.0	17.5	-44.5	27.0	2.5	20.5	42.5	24.5	61.5	49.0	41.5	9.0	24.0	59.5	51.5	21.5	-20.5	-55.5	0.0	12.5	-30.5	6.0	36.5	29.0	-9.5
Chiba	Transit stations	-8.0	-30.5	-5.0	-8.0	-8.0	-12.5	-22.0	-26.5	-19.0	-17.0	-21.5	-19.5	-20.0	-26.5	-35.5	-20.0	-20.5	-18.0	-18.0	-19.0	-32.5	-25.0	-18.0	-19.0	-16.0	-15.0	-39.0	-22.0	-23.0	-19.0	-18.0	-15.5	-16.5	-22.0	-37.0	-51.0	-28.5	-25.0	-29.0	-29.0	-30.0	-41.0	-51.5
Chiba	Workplace	-15.5	-47.5	0.0	-1.0	-1.0	0.0	1.0	-1.5	-4.0	-4.0	-6.5	-6.0	-5.5	-5.0	-7.0	-5.5	-7.5	-6.0	-7.0	-6.0	-9.5	-3.0	-5.0	-6.0	-5.5	-9.5	-52.0	-12.0	-4.5	-5.0	-5.0	-6.0	-7.0	-9.5	-10.5	-15.0	-10.0	-9.5	-13.5	-14.5	-14.0	-16.0	-18.5
Chiba	Residential	3.0	13.5	0.5	1.5	1.5	2.0	3.5	4.0	4.5	4.0	6.0	5.0	5.0	5.0	6.0	4.0	6.0	3.5	4.0	4.5	7.0	3.0	4.0	4.0	3.0	3.0	17.5	4.0	2.5	3.5	4.0	3.0	3.0	5.5	8.0	10.0	6.5	6.5	8.5	8.0	8.0	9.0	10.0
Ehime	Retail & recreation	8.0	23.0	1.0	1.0	0.5	-1.5	-10.0	-7.0	-3.0	-4.0	-10.0	-8.0	-10.0	-15.0	-12.0	-7.0	-3.5	-1.5	-2.5	-4.5	-7.0	-7.5	-2.0	-0.5	0.0	5.0	16.0	-2.5	-6.0	1.0	4.0	5.5	2.0	-5.0	-11.0	-7.0	-1.0	-1.0	-10.5	-7.0	-11.5	-16.0	-18.5
Ehime	Grocery & pharmacy	4.0	4.0	3.5	2.5	5.0	8.0	7.0	7.5	8.0	4.5	-1.0	3.0	-0.5	0.0	0.0	0.0	1.0	1.5	1.5	0.0	2.0	1.0	0.0	0.0	0.0	3.0	5.5	4.0	1.0	1.0	1.0	2.5	4.0	-2.0	0.0	4.0	1.5	3.0	-5.5	3.5	1.0	5.0	4.0
Ehime	Parks	55.0	71.0	9.5	1.5	1.5	-12.0	-43.0	-16.5	1.5	11.0	-24.5	-2.5	5.0	-22.0	-4.5	14.0	-10.5	5.5	18.5	7.5	-18.0	5.0	10.5	31.5	19.0	20.5	63.0	37.0	26.5	30.0	38.5	29.0	8.5	-26.0	-34.5	18.0	3.0	17.0	-24.0	28.5	34.0	39.0	54.0
Ehime	Transit stations	22.5	16.0	3.5	1.5	-2.0	-9.0	-23.0	-19.0	-15.0	-11.5	-19.0	-16.5	-17.5	-27.5	-24.5	-15.5	-16.0	-12.5	-9.0	-14.5	-21.5	-17.0	-14.0	-9.0	-8.0	-3.0	-1.0	0.0	-6.0	-6.0	-7.5	-6.0	-7.5	-15.0	-23.5	-14.5	-13.0	-12.0	-21.0	-15.5	-18.0	-20.5	-24.0
Ehime	Workplace	-13.0	-40.0	1.0	0.5	1.0	2.0	5.0	6.0	0.0	-1.0	-3.5	-2.0	-2.5	-3.0	-4.0	-1.0	-3.0	-3.5	-2.5	-3.0	-7.0	-3.0	-1.0	-3.0	-3.0	-5.0	-43.5	-10.0	-2.0	-1.0	-3.0	-2.5	-2.5	-4.0	-4.5	-1.0	-3.0	-3.0	-7.0	-6.0	-7.0	-6.5	-6.0
Ehime	Residential	1.0	8.5	0.0	0.0	0.5	1.0	3.5	2.5	1.5	2.0	3.5	3.0	4.0	5.0	4.5	3.0	3.5	2.0	2.0	3.0	5.0	3.5	2.5	2.0	1.5	1.0	11.5	3.5	2.0	1.5	2.0	1.0	2.0	4.0	5.0	3.0	3.0	2.5	4.0	3.0	4.0	5.0	5.0
Fukui	Retail & recreation	7.0	26.0	-2.0	1.0	1.0	0.0	-4.0	-5.5	-3.5	-1.5	-5.0	-5.0	-4.0	-5.0	-7.5	-2.0	-6.5	0.0	7.5	2.0	0.0	-6.0	-5.0	-2.0	3.0	10.5	14.5	2.0	-7.5	0.5	0.5	7.5	6.0	-4.5	-10.5	-14.0	-4.5	-4.0	-13.5	-13.0	-15.5	-24.0	-34.5
Fukui	Grocery & pharmacy	6.0	10.0	4.5	6.5	8.5	15.5	13.5	10.0	7.5	8.0	3.5	2.0	4.0	4.5	2.5	1.5	1.5	3.0	5.0	3.5	5.0	0.0	0.0	2.0	5.0	8.0	9.0	8.0	1.0	2.5	3.0	7.0	10.5	4.0	5.0	4.0	5.5	6.5	0.5	5.0	9.0	8.0	2.5
Fukui	Parks	9.0	73.5	1.0	14.5	8.0	1.0	-3.5	-1.0	5.5	6.5	-3.0	-8.5	10.5	19.0	-18.0	27.5	-12.0	4.0	45.5	22.5	-7.0	-14.0	-12.0	9.5	40.0	46.0	25.5	73.0	-15.5	26.5	13.5	49.5	61.5	-7.0	-17.0	-18.5	21.5	35.5	-3.0	10.5	41.5	42.0	-11.5
Fukui	Transit stations	19.0	21.5	1.0	1.0	-5.0	-10.0	-21.0	-16.0	-11.5	-15.0	-16.5	-16.0	-16.0	-14.0	-23.5	-7.5	-17.5	-12.5	-5.0	-11.0	-19.0	-17.0	-13.0	-9.5	-6.0	-1.0	-7.0	7.0	-6.0	-4.0	-6.5	-2.0	-1.0	-12.0	-21.0	-20.0	-9.0	-12.0	-19.5	-21.0	-20.5	-26.5	-39.0
Fukui	Workplace	-15.0	-45.5	0.5	1.0	0.5	2.0	6.0	2.0	-1.0	-1.5	-2.0	-2.0	-2.0	-2.5	-4.0	-1.5	-1.5	-1.5	-4.0	-3.0	-6.5	-4.5	-2.0	-2.5	-2.0	-7.5	-49.5	-14.5	-4.5	-2.0	-2.0	-3.0	-3.0	-4.0	-6.0	-3.0	-5.0	-4.0	-6.5	-7.5	-8.5	-12.5	-16.5
Fukui	Residential	3.0	11.0	-0.5	-0.5	0.5	1.0	2.0	2.5	1.5	2.0	3.0	3.0	3.0	3.0	4.0	1.5	3.0	2.5	1.5	2.5	3.5	3.5	3.0	2.0	1.5	1.5	18.0	4.0	3.5	1.5	2.0	1.0	1.5	4.0	5.0	5.0	3.0	3.0	4.5	5.0	5.5	7.5	9.0
Fukuoka	Retail & recreation	3.0	14.0	-3.0	-2.0	-3.0	-4.5	-12.0	-8.5	-6.0	-3.0	-7.0	-6.0	-9.0	-15.5	-9.5	-10.0	-7.0	-1.0	-1.0	-3.5	-5.5	-7.0	-5.0	-1.0	-1.5	5.0	9.5	-5.0	-9.0	-3.5	0.0	3.5	-2.5	-10.5	-13.0	-13.0	-7.0	-4.0	-13.0	-10.0	-13.0	-20.5	-24.5
Fukuoka	Grocery & pharmacy	4.5	2.0	2.0	3.0	6.0	8.0	4.5	7.0	5.0	3.5	1.0	2.0	-1.0	-3.5	3.0	-1.0	-3.0	3.0	3.5	0.5	1.0	1.5	0.5	0.0	0.5	3.5	2.0	3.0	-1.0	1.0	0.5	5.0	0.0	-5.5	-2.0	4.0	2.5	2.5	-3.5	4.5	3.0	3.5	2.0
Fukuoka	Parks	41.0	57.0	-3.5	7.0	-7.5	-23.5	-44.0	-12.5	7.0	10.5	1.0	6.0	2.5	-32.5	11.5	2.0	-23.0	22.5	22.5	6.0	-5.0	7.5	5.5	20.5	32.0	20.5	48.0	29.5	3.0	27.5	31.5	45.5	-16.5	-33.0	-39.5	21.5	11.0	19.0	-12.0	30.0	29.5	33.0	33.0
Fukuoka	Transit stations	-0.5	-18.5	-3.0	-6.0	-9.0	-17.5	-33.0	-30.5	-22.0	-24.0	-24.0	-24.0	-25.5	-35.5	-30.5	-22.0	-24.0	-21.0	-21.0	-23.5	-32.0	-31.0	-21.0	-22.0	-18.0	-14.0	-34.0	-28.0	-27.0	-18.0	-18.5	-16.0	-19.0	-24.0	-34.0	-34.5	-24.0	-23.0	-26.5	-26.0	-30.0	-43.5	-50.0
Fukuoka	Workplace	-13.5	-44.0	1.0	1.0	0.0	1.0	3.5	2.5	-0.5	-2.0	-2.5	-2.5	-3.0	-3.5	-2.5	-2.0	-4.5	-3.0	-4.0	-4.0	-6.0	-3.0	-2.0	-5.0	-3.0	-6.5	-47.0	-10.5	-3.0	-2.0	-4.0	-4.0	-5.5	-6.5	-6.5	-4.0	-5.5	-5.0	-8.0	-9.0	-9.5	-12.5	-14.5
Fukuoka	Residential	1.5	10.5	0.0	0.0	1.0	2.0	4.0	3.0	2.5	2.5	3.0	3.0	4.0	5.0	3.0	3.5	4.0	2.0	2.0	3.0	3.5	3.0	3.0	2.5	1.5	1.0	13.0	2.5	2.5	2.0	2.0	1.0	3.0	5.5	5.5	4.0	4.0	3.5	5.0	4.5	6.0	7.5	7.5
Fukushima	Retail & recreation	2.5	23.0	-1.0	0.5	0.5	2.5	-5.0	-6.5	-6.5	-1.0	-5.0	-5.5	-7.5	-6.0	-11.0	-4.0	-4.5	2.0	2.0	-0.5	-8.5	-5.0	0.0	1.0	4.5	11.5	14.0	0.5	-5.0	2.0	1.5	6.5	7.5	1.5	-4.5	-18.5	0.0	3.5	-5.5	-6.5	-8.5	-11.0	-15.0
Fukushima	Grocery & pharmacy	1.0	3.0	4.5	5.0	7.5	14.0	10.5	11.0	1.5	6.0	-1.0	0.0	-1.5	1.0	-2.0	-0.5	0.5	4.0	4.0	1.5	-1.0	4.0	-0.5	3.0	3.5	9.0	7.0	4.5	1.0	-2.0	1.0	5.0	8.0	4.0	2.5	-7.0	1.0	5.0	5.5	3.0	2.0	3.0	2.0
Fukushima	Parks	-9.5	19.5	-3.0	6.0	-2.5	-4.0	-7.0	-8.5	-15.0	0.5	-4.0	-8.0	-1.5	12.0	-30.0	7.5	-16.5	19.5	18.0	11.5	-24.5	9.5	-2.0	9.0	28.0	35.0	14.0	42.5	5.5	11.5	5.5	28.5	33.0	20.5	-1.0	-44.0	2.5	19.0	4.5	6.0	38.0	53.0	10.0
Fukushima	Transit stations	3.0	6.0	0.0	-2.0	-7.5	-17.0	-23.0	-24.0	-19.0	-16.0	-20.5	-21.0	-23.0	-19.5	-27.0	-14.5	-19.0	-16.0	-16.0	-19.5	-24.5	-19.0	-13.0	-14.0	-13.0	-5.0	-14.5	-6.5	-6.5	-10.0	-13.0	-11.0	-11.5	-17.0	-20.0	-32.5	-15.5	-16.0	-22.5	-24.5	-27.0	-28.0	-35.0
Fukushima	Workplace	-14.5	-43.0	1.0	1.0	1.0	3.0	7.0	5.0	0.0	0.0	-2.0	-1.5	-1.0	-1.0	-3.5	-1.0	-2.5	-2.5	-2.0	-4.0	-5.0	-1.0	-2.5	-1.5	-2.0	-6.5	-49.5	-13.0	-0.5	-5.0	-2.0	-2.5	-4.0	-4.0	-4.0	-4.5	-4.5	-4.0	-5.0	-6.5	-6.5	-7.5	-8.5
Fukushima	Residential	4.0	12.0	-0.5	0.0	0.5	1.0	1.5	2.0	2.0	1.5	3.0	3.0	3.5	3.0	4.5	2.0	3.5	2.0	2.0	3.0	4.5	2.5	2.0	1.5	1.0	0.5	16.5	3.0	2.0	2.0	2.0	1.0	1.5	2.5	3.0	6.0	3.0	2.5	2.5	3.5	4.0	5.0	6.0
Gifu	Retail & recreation	5.0	23.5	-2.0	-1.5	-2.0	-2.0	-9.0	-9.5	-7.5	-4.0	-11.0	-7.5	-7.5	-9.0	-15.5	-6.5	-9.0	-2.0	1.0	-3.0	-7.0	-6.0	-6.0	-2.0	0.5	7.0	17.0	1.0	-4.5	-2.0	-0.5	3.0	3.0	-7.5	-11.0	-14.0	-5.5	-3.5	-12.5	-10.0	-12.0	-17.0	-22.0
Gifu	Grocery & pharmacy	6.0	7.5	4.5	4.5	8.5	15.0	14.0	10.0	8.0	6.5	0.0	3.0	4.0	5.5	-2.5	2.5	-2.5	4.0	5.0	3.0	1.0	4.0	1.0	2.0	3.0	6.0	9.0	6.5	2.5	1.5	2.5	5.0	9.0	0.5	4.0	2.0	3.0	3.5	-3.5	3.5	5.5	8.0	5.5
Gifu	Parks	11.0	53.0	-9.5	-3.0	-7.0	-10.5	-31.0	-9.5	-8.0	1.5	-26.5	-18.5	-1.0	-6.5	-46.0	4.0	-30.5	-0.5	14.5	3.0	-37.5	-5.5	-18.0	6.5	12.0	15.5	30.5	36.0	7.0	6.0	2.5	20.0	31.0	-26.5	-26.5	-26.0	-4.5	-9.5	-25.0	11.5	31.0	28.0	4.5
Gifu	Transit stations	5.0	-1.0	-5.0	-6.5	-9.0	-16.0	-28.0	-24.0	-19.0	-20.0	-23.0	-21.0	-21.5	-25.5	-37.5	-17.0	-23.5	-18.0	-14.0	-19.0	-31.0	-22.5	-17.0	-16.0	-13.0	-10.0	-18.5	-10.5	-12.0	-11.0	-15.0	-11.0	-9.0	-21.0	-29.0	-32.0	-18.5	-19.0	-23.5	-20.0	-22.0	-28.0	-34.0
Gifu	Workplace	-13.0	-39.5	0.0	0.0	0.5	1.5	2.5	3.0	-2.5	-3.0	-4.0	-3.5	-4.5	-3.5	-6.0	-4.0	-5.5	-4.0	-3.5	-4.5	-7.0	-3.5	-3.5	-4.0	-4.0	-6.0	-43.0	-11.0	-3.0	-3.0	-4.0	-5.5	-5.0	-7.0	-7.5	-5.0	-7.0	-7.0	-7.5	-8.0	-8.5	-10.5	-11.0
Gifu	Residential	2.5	10.0	0.0	0.5	1.0	2.0	4.0	3.0	3.0	3.0	4.0	3.5	4.0	4.0	6.0	3.0	4.5	3.0	2.5	4.0	5.5	3.5	3.5	2.5	2.0	2.0	14.5	3.5	3.0	2.5	3.0	2.5	2.0	6.0	6.0	5.5	4.0	4.0	5.0	4.5	5.0	6.5	7.0
Gunma	Retail & recreation	5.0	25.0	-1.5	-3.0	-1.5	0.0	-5.0	-8.0	-5.0	-3.0	-7.0	-6.5	-7.5	-9.0	-14.5	-6.0	-9.0	-3.0	-2.0	-4.0	-15.5	-10.0	-7.0	-3.0	-3.0	3.5	12.0	-2.5	-8.0	-2.5	0.5	1.5	2.0	-3.0	-13.0	-30.0	-8.5	-3.0	-14.0	-12.0	-12.0	-15.0	-20.0
Gunma	Grocery & pharmacy	5.0	4.0	4.0	3.5	8.5	16.5	9.5	6.0	2.0	5.0	-0.5	0.5	-1.0	0.0	-1.0	0.0	-2.0	2.5	5.0	1.0	-4.5	3.5	-2.0	2.5	2.0	7.0	4.5	5.0	2.0	-2.0	-1.0	4.0	9.0	5.0	-0.5	-14.5	-1.0	3.0	-4.0	1.0	0.5	2.0	-0.5
Gunma	Parks	12.5	52.0	-1.5	-6.0	-0.5	2.0	3.0	3.5	-12.0	14.0	-12.5	-3.5	5.0	3.0	-22.5	12.5	-19.5	11.5	21.5	14.5	-41.5	9.5	-8.0	20.5	20.0	28.5	28.5	39.5	20.0	11.5	3.0	22.5	40.0	36.5	4.0	-46.5	-2.0	11.5	-24.0	1.0	35.0	34.0	3.5
Gunma	Transit stations	15.0	12.0	-3.0	-6.5	-9.0	-13.0	-20.5	-21.5	-19.0	-17.0	-20.5	-19.5	-18.0	-21.0	-28.5	-18.5	-24.0	-19.0	-16.0	-18.5	-32.5	-19.0	-18.0	-15.0	-15.0	-6.5	-6.5	-6.0	-8.0	-12.0	-16.0	-13.5	-11.0	-16.5	-30.0	-45.5	-24.5	-22.0	-29.5	-27.0	-25.5	-31.0	-39.0
Gunma	Workplace	-13.0	-40.0	0.5	0.0	0.0	1.0	4.0	1.0	-2.0	-0.5	-2.0	-2.0	-2.0	-2.0	-3.5	-2.5	-3.5	-3.0	-3.5	-5.0	-6.0	-2.0	-3.0	-2.0	-3.5	-6.0	-43.5	-9.5	-3.0	-3.5	-4.5	-4.0	-4.5	-5.0	-4.0	-8.0	-7.0	-6.0	-7.5	-8.0	-8.0	-9.0	-9.5
Gunma	Residential	3.0	10.5	0.0	1.0	1.0	1.0	2.0	2.5	3.0	2.0	3.5	3.0	3.5	4.0	5.0	3.0	4.0	3.0	3.0	3.5	6.0	3.0	3.5	2.5	2.5	1.5	14.5	3.5	2.0	3.0	3.0	2.5	2.0	3.5	5.0	8.0	5.0	4.0	5.5	5.0	5.0	6.0	6.5
Hiroshima	Retail & recreation	8.5	15.0	-1.5	0.0	-1.0	-3.0	-10.0	-6.0	-5.0	-1.0	-8.5	-6.0	-7.0	-14.5	-11.0	-8.0	-6.0	-2.0	-1.0	-2.5	-6.0	-7.5	-6.0	-2.0	-1.0	6.5	11.5	-3.5	-8.0	-3.0	0.0	3.0	2.0	-8.5	-11.0	-8.5	-4.0	-3.0	-12.0	-7.5	-10.0	-13.0	-15.0
Hiroshima	Grocery & pharmacy	5.5	3.0	4.0	3.0	9.0	11.0	7.5	9.0	6.0	6.5	-1.0	3.0	1.0	0.5	3.5	1.0	1.0	2.0	5.0	2.0	3.0	3.0	1.0	4.0	2.5	6.0	6.5	3.0	0.0	1.5	3.0	5.0	6.5	-2.5	3.0	6.0	3.5	5.0	-4.5	4.5	3.5	6.0	7.0
Hiroshima	Parks	20.0	38.0	4.0	5.0	1.5	-10.0	-38.5	-11.0	5.0	11.5	-13.0	-5.5	4.5	-23.0	-11.5	9.0	-11.5	12.5	18.5	8.5	-9.5	-11.0	-4.0	18.0	23.0	23.0	47.0	20.5	-7.0	17.0	26.0	28.0	10.5	-27.5	-32.0	7.5	11.0	15.0	-18.0	25.0	27.5	33.5	28.0
Hiroshima	Transit stations	11.0	-10.0	-0.5	-2.0	-5.5	-15.5	-30.5	-24.5	-18.5	-19.0	-20.5	-20.0	-22.0	-31.5	-30.5	-18.5	-21.0	-18.0	-18.0	-20.5	-27.0	-27.5	-18.0	-17.5	-16.0	-11.0	-25.0	-19.5	-20.5	-14.0	-15.0	-13.0	-15.0	-22.5	-29.5	-25.0	-18.5	-18.5	-23.0	-21.0	-23.0	-28.0	-32.0
Hiroshima	Workplace	-14.0	-42.5	1.0	1.0	1.0	2.0	3.5	3.0	0.0	-1.0	-3.0	-2.0	-2.0	-2.0	-3.0	-1.0	-3.0	-3.0	-3.5	-2.5	-5.0	-3.5	-1.5	-1.5	-2.0	-7.0	-45.0	-10.5	-2.5	-1.5	-2.5	-3.0	-3.5	-5.0	-5.0	-1.5	-4.5	-4.0	-7.5	-7.5	-7.5	-8.0	-9.0
Hiroshima	Residential	1.0	10.0	0.0	0.0	0.5	1.5	3.5	2.0	2.0	2.0	3.5	3.0	3.0	5.0	4.0	3.0	4.0	2.5	2.0	3.0	4.0	3.0	3.0	2.0	2.0	1.0	13.0	3.0	2.0	2.0	2.0	1.5	2.0	5.0	5.0	2.5	3.0	3.0	5.0	3.5	5.0	5.0	4.5
Hokkaido	Retail & recreation	-13.5	5.0	-5.5	-6.5	-10.5	-14.0	-30.5	-38.0	-18.5	-17.0	-19.0	-30.5	-23.5	-22.5	-23.5	-15.5	-17.5	-16.0	-13.0	-15.0	-15.0	-18.0	-14.0	-12.0	-9.5	-2.5	-3.0	-10.5	-12.5	-9.5	-9.0	-2.0	-3.0	-7.0	-9.0	-8.0	-3.0	-4.0	-7.5	-12.0	-11.0	-12.0	-15.0
Hokkaido	Grocery & pharmacy	-7.0	3.5	9.0	5.0	8.0	10.5	2.0	-6.0	0.0	2.0	-4.5	-12.0	-5.0	-2.0	-6.0	-4.0	-0.5	-6.5	2.0	-3.0	0.0	-1.0	-4.0	0.0	-1.5	5.0	3.0	-0.5	-3.0	-6.0	-2.0	5.0	3.5	0.5	2.0	2.0	1.5	2.0	6.0	-1.0	1.0	4.0	1.5
Hokkaido	Parks	-24.5	-9.0	-12.5	-10.0	-15.5	-23.0	-35.0	-43.5	-25.5	-26.0	-24.5	-38.5	-31.0	-26.0	-31.0	-21.0	-33.0	-29.0	-22.5	-30.5	-26.0	-24.5	-22.5	-21.0	-13.0	-15.5	-31.0	-14.5	-9.5	-18.5	-21.5	-10.0	-8.5	-17.5	-17.0	-5.0	0.0	0.5	1.0	-11.5	2.5	1.0	-14.0
Hokkaido	Transit stations	-17.0	-26.5	-4.0	-8.5	-12.5	-20.5	-38.0	-43.5	-26.0	-28.0	-28.0	-31.0	-31.0	-37.0	-38.5	-26.5	-28.5	-29.5	-26.0	-29.0	-34.0	-35.0	-25.5	-26.0	-24.0	-20.5	-45.0	-30.5	-25.5	-23.5	-23.0	-21.0	-20.5	-24.0	-29.0	-28.0	-23.0	-21.0	-22.0	-25.0	-25.0	-30.0	-35.0
Hokkaido	Workplace	-17.0	-42.5	-1.0	-1.0	-2.0	-3.0	-4.5	-9.5	-6.0	-7.0	-8.0	-9.0	-8.0	-6.0	-8.5	-6.0	-7.0	-7.0	-5.5	-6.5	-7.5	-8.0	-5.5	-6.0	-5.0	-8.5	-47.0	-12.5	-7.0	-6.0	-5.5	-5.5	-5.5	-6.0	-5.0	-5.5	-7.0	-6.0	-7.5	-8.5	-8.0	-7.0	-10.5
Hokkaido	Residential	5.0	11.0	0.5	1.5	3.0	4.0	7.0	7.0	4.0	5.0	5.5	7.5	6.5	6.0	5.0	4.0	5.0	5.0	5.0	5.5	6.0	4.0	4.0	4.0	3.5	3.0	15.5	5.5	3.0	3.0	4.0	3.0	3.0	4.0	4.0	2.5	2.5	3.0	3.0	4.5	4.0	5.0	5.0
Hyogo	Retail & recreation	5.5	19.5	-2.0	-2.5	-2.0	-1.5	-10.0	-7.0	-6.0	-4.5	-14.5	-7.0	-9.0	-11.0	-15.0	-7.0	-11.5	-6.0	-4.0	-6.5	-13.5	-9.0	-9.0	-5.0	-3.5	3.5	8.5	-6.5	-12.0	-5.5	-2.5	0.0	-0.5	-12.5	-15.0	-13.0	-7.0	-4.5	-17.5	-12.0	-12.0	-15.0	-18.0
Hyogo	Grocery & pharmacy	4.5	4.5	4.0	2.0	6.0	10.5	5.5	12.0	8.0	7.5	-5.0	5.0	3.0	2.0	-1.0	2.0	-2.0	3.0	5.0	3.0	-3.0	4.5	-0.5	4.0	2.0	7.0	9.0	5.0	1.0	1.0	3.5	5.0	9.0	-4.5	0.0	4.0	4.0	6.0	-8.5	6.0	6.5	8.0	6.0
Hyogo	Parks	28.5	53.5	2.0	-1.0	-4.0	-6.5	-32.5	-8.0	7.0	9.0	-28.5	-6.0	7.5	-3.0	-31.5	14.5	-20.5	8.0	19.0	9.5	-36.5	-8.5	-6.5	18.0	20.0	21.0	46.5	28.5	-1.5	16.0	16.0	23.0	21.5	-28.0	-29.5	-13.0	3.5	20.0	-27.0	9.5	29.0	39.5	17.5
Hyogo	Transit stations	-0.5	-20.0	-1.5	-3.5	-6.0	-10.0	-25.0	-23.5	-13.0	-16.0	-20.0	-18.0	-18.5	-27.5	-33.0	-16.0	-20.0	-17.0	-16.0	-18.0	-30.5	-27.0	-17.0	-15.0	-14.0	-10.0	-33.5	-25.0	-25.0	-14.0	-15.0	-12.0	-12.0	-18.5	-30.0	-31.0	-18.0	-17.0	-22.0	-21.0	-21.0	-31.0	-38.0
Hyogo	Workplace	-15.0	-45.5	1.0	0.5	0.5	1.0	1.0	1.0	1.0	-2.0	-4.5	-3.0	-3.5	-5.5	-6.0	-2.0	-6.0	-4.0	-4.0	-4.0	-7.5	-3.5	-2.0	-3.5	-3.0	-7.5	-49.0	-12.5	-5.0	-2.5	-4.0	-4.0	-4.5	-6.5	-7.0	-5.0	-5.0	-5.0	-8.0	-7.5	-8.0	-11.0	-11.0
Hyogo	Residential	2.0	11.0	0.0	0.5	1.0	1.5	3.5	2.5	2.0	2.5	4.5	3.5	4.0	4.5	5.0	3.0	5.0	3.0	3.0	4.0	6.0	3.5	3.5	2.5	2.5	1.5	15.5	4.5	3.0	2.5	2.5	2.0	2.0	6.0	6.0	4.5	4.0	3.5	6.0	5.0	5.0	6.0	6.0
Ibaraki	Retail & recreation	7.5	27.0	-0.5	-2.0	0.0	2.0	-4.0	-6.0	-8.0	0.0	-8.0	-3.0	-7.0	-6.0	-10.0	-4.0	-6.5	0.0	3.0	-1.5	-12.0	-1.0	-2.0	1.0	0.0	8.5	16.5	1.0	-5.0	-2.0	2.0	3.5	4.5	-2.5	-11.5	-29.0	-5.5	-1.0	-13.0	-9.0	-11.0	-16.0	-24.0
Ibaraki	Grocery & pharmacy	5.5	4.0	4.0	2.5	8.0	17.5	10.0	7.5	0.0	4.5	-2.0	1.0	1.0	0.5	-2.0	0.0	-2.0	4.0	4.0	2.5	-7.5	7.0	0.0	3.5	3.0	6.0	9.0	6.0	4.0	-2.0	2.0	6.0	10.0	7.0	-1.0	-15.5	0.5	5.0	-3.0	3.0	5.0	3.5	-1.0
Ibaraki	Parks	41.0	61.0	-6.0	-5.0	-3.5	2.0	-4.0	14.5	-26.5	8.0	-18.0	-6.0	12.0	-10.0	-24.0	-0.5	-24.5	28.5	15.0	14.0	-44.5	20.0	-5.0	8.5	27.5	13.0	38.5	40.0	37.5	9.5	11.0	41.0	34.0	20.5	-26.0	-55.5	-3.5	5.5	-22.5	0.0	27.0	20.5	-18.5
Ibaraki	Transit stations	7.5	-12.0	-1.0	-5.0	-5.5	-13.0	-24.5	-22.0	-20.5	-19.0	-22.0	-20.5	-21.0	-26.0	-29.5	-16.5	-21.5	-17.0	-16.5	-18.0	-34.0	-18.5	-14.0	-16.0	-15.5	-11.0	-24.0	-13.0	-9.5	-14.0	-16.0	-13.0	-14.5	-19.0	-34.5	-49.0	-24.0	-22.0	-28.5	-27.0	-28.0	-36.5	-44.0
Ibaraki	Workplace	-14.0	-44.0	0.0	0.0	0.5	2.0	5.0	3.0	-2.0	-1.0	-3.5	-2.5	-2.5	-2.5	-4.0	-2.5	-4.0	-2.5	-4.5	-4.0	-7.0	-1.5	-2.5	-2.0	-3.0	-7.5	-49.0	-11.0	-2.5	-3.0	-3.0	-4.0	-4.5	-6.0	-5.5	-10.0	-7.0	-6.0	-8.0	-8.5	-9.0	-10.0	-11.5
Ibaraki	Residential	2.5	11.5	0.0	0.5	1.0	1.0	2.5	2.5	3.0	2.0	4.0	3.0	3.5	4.0	5.0	3.0	4.0	2.0	2.5	3.5	6.5	2.5	2.5	2.0	2.0	1.5	16.5	4.0	2.0	2.5	2.5	2.0	2.0	4.0	6.0	9.0	4.0	4.0	5.5	5.5	6.0	7.5	8.5
Ishikawa	Retail & recreation	2.0	22.5	-5.0	-3.0	-4.0	-5.0	-8.0	-11.0	-6.0	-3.5	-8.0	-7.5	-7.5	-9.0	-11.0	-3.5	-8.0	-4.0	1.0	-2.0	-4.0	-11.0	-6.0	-4.5	1.0	7.5	11.5	-1.0	-10.5	-0.5	-0.5	5.0	5.0	-2.5	-4.5	-8.0	1.5	2.0	-8.5	-7.0	-8.0	-12.0	-20.0
Ishikawa	Grocery & pharmacy	7.0	8.0	5.0	6.5	8.0	12.0	13.0	11.0	7.0	6.0	2.0	1.5	2.0	4.0	3.0	1.0	0.5	2.0	7.0	3.0	4.0	1.0	-0.5	1.0	5.0	7.0	5.0	4.5	2.0	4.0	4.0	7.0	10.0	3.5	5.0	7.0	5.0	7.0	2.0	7.0	6.0	8.0	8.5
Ishikawa	Parks	11.0	60.5	-4.0	4.5	-5.5	-7.0	-6.5	-4.5	-5.5	2.0	-7.0	-18.5	2.0	5.0	-10.0	22.0	-22.5	-3.0	33.5	9.5	-18.0	-17.0	-17.5	2.0	31.5	35.5	5.5	27.5	-25.0	15.0	3.5	41.0	45.5	-7.0	-23.0	-23.0	18.5	47.0	-1.5	13.5	55.5	41.0	-5.5
Ishikawa	Transit stations	2.5	3.5	-5.0	-6.5	-10.5	-20.0	-29.5	-30.0	-24.5	-26.0	-28.0	-29.0	-27.5	-31.0	-30.5	-21.5	-27.0	-25.5	-20.0	-24.0	-31.0	-31.0	-25.0	-24.5	-19.0	-15.0	-27.0	-17.0	-22.0	-16.0	-19.0	-16.0	-14.0	-21.5	-30.0	-30.0	-21.5	-23.0	-28.5	-29.0	-28.0	-34.5	-42.0
Ishikawa	Workplace	-15.0	-45.5	-1.0	-0.5	-0.5	1.0	5.0	2.0	-2.0	-3.0	-3.0	-4.0	-3.5	-3.0	-3.5	-3.5	-5.0	-4.0	-4.0	-5.0	-7.0	-3.0	-4.5	-4.0	-3.5	-7.5	-48.0	-9.5	-2.0	-3.0	-3.0	-4.0	-4.0	-4.0	-5.0	-2.0	-5.0	-5.0	-6.0	-7.5	-8.0	-8.5	-10.0
Ishikawa	Residential	4.0	12.0	1.0	0.5	1.5	2.0	2.5	3.0	2.0	2.5	3.0	4.0	4.0	3.5	4.0	2.0	4.0	3.0	2.0	3.5	4.0	4.0	3.5	3.0	1.5	1.0	16.5	3.0	3.0	1.5	2.5	1.0	1.0	3.5	3.5	3.5	2.5	2.0	3.0	4.0	4.0	5.0	6.5
Iwate	Retail & recreation	3.0	22.5	2.5	2.0	-0.5	-0.5	-4.0	-6.0	-5.0	-3.5	-3.5	-6.5	-7.0	-7.0	-7.0	-4.0	-6.5	2.0	0.5	-3.0	-2.5	-5.0	-2.0	0.0	3.0	9.5	7.5	-2.5	-6.0	2.5	3.0	10.5	6.0	1.0	-3.0	-5.0	3.5	3.0	-3.5	-6.0	-7.0	-9.0	-12.0
Iwate	Grocery & pharmacy	0.0	4.0	5.5	5.0	5.0	8.0	13.0	9.5	3.5	6.0	2.0	0.0	-2.0	2.0	0.0	-1.5	-2.5	5.0	4.0	-2.0	3.5	4.0	0.0	1.0	5.0	7.0	1.0	2.0	0.0	0.0	1.5	8.0	7.0	1.0	6.0	4.5	2.0	4.0	5.0	2.0	0.0	4.5	3.5
Iwate	Parks	-16.0	4.0	5.0	6.5	2.5	-4.5	-3.5	-11.5	-9.0	-4.0	-1.0	-7.5	1.5	18.5	14.5	9.5	-14.0	9.0	10.0	-0.5	9.0	13.0	-8.0	5.5	14.0	29.0	-3.5	8.5	-14.5	7.0	9.0	21.5	19.0	10.5	12.0	6.0	15.5	24.0	1.5	-4.0	11.5	20.5	-13.0
Iwate	Transit stations	-2.0	1.0	2.0	-2.0	-8.5	-16.0	-22.5	-25.0	-21.0	-20.5	-20.5	-21.5	-23.0	-20.5	-21.0	-17.0	-21.0	-16.5	-17.0	-21.0	-20.0	-19.0	-17.0	-15.0	-14.0	-8.0	-19.0	-11.5	-7.5	-8.0	-12.0	-11.0	-14.0	-17.0	-18.0	-19.5	-14.5	-14.0	-21.5	-26.0	-24.5	-26.0	-32.5
Iwate	Workplace	-14.5	-42.0	1.0	1.5	1.0	3.0	8.0	3.0	-0.5	0.0	-1.0	-1.5	-2.0	-1.0	-2.5	-2.0	-2.5	-3.0	-2.0	-3.0	-4.5	-2.0	-2.0	-1.0	-1.0	-6.5	-44.5	-10.5	-1.5	-2.0	-1.5	-2.5	-3.0	-3.0	-3.0	0.0	-5.0	-4.0	-5.0	-7.0	-7.0	-7.0	-8.0
Iwate	Residential	3.0	11.0	-0.5	-1.0	0.5	1.0	1.0	2.5	2.5	2.5	2.0	3.0	3.5	3.0	3.0	2.5	4.0	2.0	2.5	3.5	3.0	2.5	2.5	2.0	0.5	0.5	15.5	4.0	2.0	1.5	2.0	0.5	1.5	2.5	2.0	2.5	2.0	2.0	2.0	4.0	4.0	4.0	5.0
Kagawa	Retail & recreation	9.0	26.5	0.0	-1.0	-0.5	-2.5	-11.0	-9.0	-3.5	-1.5	-9.5	-3.0	-6.5	-10.0	-11.5	-5.0	-1.5	-1.0	0.5	-2.0	-6.0	-7.5	-3.0	0.0	-2.0	5.0	17.5	-2.5	-8.0	-1.5	1.0	3.0	3.0	-2.5	-10.0	-8.0	-1.5	-1.5	-12.0	-6.5	-8.0	-12.0	-14.0
Kagawa	Grocery & pharmacy	2.5	4.0	5.0	1.5	4.0	8.0	5.5	6.5	5.0	6.5	-2.0	3.0	-0.5	0.0	-0.5	-2.0	2.0	1.5	2.0	0.0	1.0	3.0	-1.0	2.5	2.0	4.0	8.5	2.0	-1.0	-1.0	1.5	5.0	4.0	-1.0	-1.5	3.0	3.0	3.0	-6.5	2.5	1.5	5.0	5.5
Kagawa	Parks	58.5	88.0	14.0	10.0	11.0	1.0	-33.0	2.0	12.0	16.5	-17.0	3.0	8.5	-11.0	-22.5	20.5	4.0	9.5	21.5	11.5	-17.0	1.5	8.5	23.0	23.5	26.5	53.0	40.5	19.5	27.5	32.0	33.5	22.0	-16.5	-33.0	12.0	0.0	15.0	-27.0	13.0	21.0	37.0	44.0
Kagawa	Transit stations	14.0	9.5	1.0	-2.0	-4.0	-12.0	-27.0	-29.0	-15.0	-15.0	-21.0	-17.0	-19.0	-25.5	-36.5	-17.5	-18.0	-19.0	-13.0	-17.0	-25.0	-26.5	-17.0	-13.0	-12.0	-6.0	-12.0	-4.5	-14.5	-10.0	-7.5	-8.5	-8.0	-17.0	-25.5	-23.0	-16.5	-13.5	-25.0	-18.5	-21.0	-25.0	-32.0
Kagawa	Workplace	-15.0	-45.5	1.0	1.0	0.5	1.5	3.5	3.0	0.5	-2.0	-3.0	-2.0	-2.0	-2.0	-3.0	-1.0	-3.0	-3.5	-3.0	-4.0	-6.0	-3.0	-1.5	-4.0	-3.0	-7.0	-48.0	-12.5	-3.0	-2.0	-2.5	-3.5	-4.0	-4.5	-5.0	-2.0	-4.0	-4.5	-7.0	-6.5	-6.0	-6.0	-6.0
Kagawa	Residential	2.0	11.0	0.0	0.0	1.0	1.0	3.5	3.0	2.0	2.0	4.0	3.0	3.0	4.0	5.0	2.5	3.0	2.5	2.5	3.0	4.0	3.5	3.0	2.0	2.0	1.5	14.5	3.5	2.5	2.0	2.0	2.0	2.0	4.0	5.0	3.0	3.0	3.0	5.0	3.5	4.0	4.0	4.5
Kagoshima	Retail & recreation	9.5	19.5	-4.0	-1.5	1.0	0.5	-9.0	-10.5	-2.0	-5.0	-5.5	-3.0	-5.0	-10.0	-6.0	-7.0	-4.0	-1.0	3.0	-2.0	-2.0	-6.0	-2.0	-4.0	-1.0	6.5	17.0	0.0	-7.5	-1.0	3.0	4.5	2.5	-3.5	-8.0	-6.0	-4.5	0.0	-5.5	-5.5	-9.0	-11.5	-11.5
Kagoshima	Grocery & pharmacy	4.5	3.0	6.5	3.5	7.5	14.0	6.0	2.0	4.0	5.0	0.0	3.0	-1.0	-1.5	1.5	-3.5	4.0	2.0	2.5	-1.0	2.0	1.5	0.5	1.0	0.5	3.0	3.5	3.0	-3.0	0.0	3.5	5.0	4.0	-1.0	-1.0	3.0	-2.5	5.5	0.0	1.0	0.0	3.0	5.5
Kagoshima	Parks	32.5	43.5	-1.0	4.0	5.5	-7.5	-33.5	-37.0	1.0	-0.5	-11.5	2.0	2.0	-24.5	10.0	-5.5	-16.5	3.0	9.0	-3.5	-6.0	-8.5	6.5	8.0	6.0	1.5	45.0	28.0	-24.0	13.5	16.0	14.5	-10.0	-19.0	-23.0	8.5	-22.5	-1.5	-11.0	16.5	14.5	15.5	26.0
Kagoshima	Transit stations	12.0	6.0	-1.0	-3.0	-5.0	-11.5	-23.5	-28.0	-14.5	-16.0	-17.5	-16.0	-18.5	-25.5	-17.0	-17.0	-19.0	-15.0	-13.0	-18.0	-18.0	-19.5	-14.0	-14.0	-11.0	-7.0	-8.5	-6.5	-18.0	-10.5	-9.5	-6.0	-10.0	-17.5	-20.5	-16.0	-16.0	-14.0	-20.5	-20.0	-23.0	-26.0	-27.0
Kagoshima	Workplace	-9.5	-37.0	1.0	1.0	1.0	2.0	2.5	2.5	0.0	-0.5	-1.0	-1.5	-2.0	-2.0	1.0	-1.0	-2.0	-2.0	-3.5	-2.0	-4.0	-0.5	-1.0	-2.0	-1.0	-4.0	-40.0	-9.0	-1.0	-1.0	-4.0	-2.0	-4.0	-4.0	-4.0	2.5	-5.5	-6.5	-6.0	-7.0	-6.5	-6.0	-5.0
Kagoshima	Residential	0.5	7.5	-0.5	-0.5	0.0	1.0	4.0	4.0	1.0	1.5	2.5	2.0	2.5	4.5	2.5	2.5	3.0	1.5	2.0	3.0	3.0	3.0	1.5	1.5	1.0	0.0	10.5	2.0	4.0	1.0	1.0	0.5	2.0	3.5	4.5	2.0	4.0	2.5	3.0	2.5	3.0	4.0	4.0
Kanagawa	Retail & recreation	1.5	12.0	-5.0	-10.0	-6.0	-5.0	-10.5	-13.0	-17.0	-4.5	-15.5	-9.0	-11.0	-14.5	-25.5	-9.5	-17.0	-4.0	-5.0	-7.5	-24.0	-8.5	-9.0	-4.0	-4.5	1.0	5.0	-6.0	-10.0	-9.0	-2.5	-1.0	0.5	-7.5	-29.5	-50.5	-17.5	-10.0	-25.5	-16.5	-16.0	-24.5	-33.5
Kanagawa	Grocery & pharmacy	4.0	4.0	5.5	0.5	9.5	16.0	12.0	7.0	-2.0	9.5	-2.0	6.0	3.0	0.5	-11.5	2.0	-6.5	6.0	6.5	3.0	-12.5	9.0	0.0	4.0	4.0	6.0	9.0	6.0	2.0	-3.0	3.5	10.5	24.0	13.0	-2.5	-27.5	3.0	7.5	-10.5	9.0	9.0	7.0	1.0
Kanagawa	Parks	36.5	56.5	-3.0	-12.0	1.0	2.0	-2.0	5.0	-29.5	14.0	-16.0	6.5	15.5	-15.0	-51.5	9.5	-27.0	36.5	25.0	15.5	-49.5	10.5	3.5	16.5	35.5	24.5	65.0	41.5	26.0	-2.0	18.5	38.0	37.5	12.5	-17.0	-59.0	-10.5	4.5	-35.5	18.5	32.5	28.0	1.0
Kanagawa	Transit stations	-5.0	-30.0	-3.0	-7.0	-8.0	-10.5	-20.5	-23.0	-15.5	-15.0	-19.0	-17.0	-17.5	-24.5	-34.5	-16.0	-18.0	-15.0	-15.0	-15.5	-30.5	-20.5	-13.0	-15.0	-14.0	-12.0	-36.0	-18.5	-17.0	-14.0	-13.5	-12.0	-13.5	-18.5	-38.0	-52.0	-26.0	-22.0	-27.0	-26.0	-26.5	-37.5	-47.0
Kanagawa	Workplace	-15.5	-48.0	0.0	-1.0	-1.0	-0.5	0.5	-1.0	-4.5	-6.0	-8.0	-7.0	-6.5	-7.0	-8.5	-6.0	-9.0	-7.5	-7.0	-7.5	-10.0	-3.0	-5.5	-6.5	-6.0	-11.5	-53.0	-13.0	-4.0	-6.0	-7.0	-7.0	-8.0	-11.5	-16.0	-22.0	-13.5	-13.0	-16.5	-17.0	-17.0	-19.0	-20.5
Kanagawa	Residential	3.5	14.0	1.0	2.0	2.0	2.5	4.0	4.0	5.0	4.0	6.0	5.0	5.5	6.0	7.0	4.5	7.0	4.0	5.0	5.0	8.0	3.0	4.0	4.0	3.5	3.5	18.5	5.0	2.5	4.0	4.0	3.5	4.0	7.0	10.5	12.0	8.0	8.0	10.0	9.5	10.0	10.5	10.0
Kochi	Retail & recreation	8.5	21.5	2.0	-0.5	0.0	-3.5	-13.0	-13.0	-6.5	-7.0	-14.0	-8.5	-13.0	-19.5	-14.0	-9.0	-6.5	-5.5	-4.0	-5.5	-7.0	-8.5	-3.5	-2.5	-5.0	2.0	13.0	-3.0	-7.0	0.5	1.0	4.0	2.5	-4.5	-10.0	-5.0	-1.5	-1.5	-11.5	-8.5	-11.0	-15.0	-15.0
Kochi	Grocery & pharmacy	4.0	4.0	4.0	1.5	4.0	6.0	3.0	4.5	4.0	4.0	-4.0	1.0	-2.0	-5.0	-2.5	-2.0	-0.5	-0.5	0.0	-0.5	-1.0	-2.0	0.0	0.5	-1.0	2.0	7.0	2.0	-1.0	-1.0	2.0	1.0	2.0	-4.0	-4.0	2.0	-1.0	0.5	-4.0	0.0	-0.5	0.5	1.0
Kochi	Parks	52.0	63.5	25.0	12.0	6.0	-2.5	-37.0	-22.5	5.5	10.0	-21.5	-1.5	0.0	-24.5	-10.5	5.5	-6.0	7.0	14.5	6.0	-12.0	0.5	6.0	26.0	17.5	11.0	56.5	39.5	15.0	18.5	33.5	24.5	13.0	-18.5	-23.0	14.5	-5.0	0.5	-18.5	16.5	16.0	18.0	17.0
Kochi	Transit stations	30.5	17.0	6.0	2.0	0.5	-9.0	-24.0	-22.0	-15.0	-13.5	-23.0	-16.0	-19.5	-29.0	-24.5	-15.5	-19.5	-14.0	-10.0	-16.0	-19.0	-15.0	-12.0	-11.0	-11.0	-6.0	3.5	3.5	-3.5	-9.0	-8.0	-7.0	-7.0	-17.5	-21.5	-10.5	-13.0	-15.0	-23.0	-14.5	-15.0	-17.0	-18.0
Kochi	Workplace	-12.0	-39.0	0.0	0.5	0.5	2.0	2.5	4.0	1.0	-2.0	-5.5	-4.0	-3.5	-3.5	-4.0	-1.5	-5.0	-5.0	-5.0	-5.0	-7.0	-4.5	-2.0	-4.0	-4.0	-7.0	-42.5	-9.5	-2.0	-2.5	-3.5	-4.5	-5.0	-7.0	-5.0	-1.0	-4.0	-5.0	-9.5	-9.0	-8.0	-5.0	-6.5
Kochi	Residential	1.0	8.5	-1.0	-0.5	0.0	1.0	4.0	3.5	2.0	2.0	5.0	3.5	4.0	6.0	5.0	3.5	4.5	3.0	3.0	3.5	5.0	3.5	3.0	2.5	2.0	2.0	11.5	3.0	2.0	2.0	2.0	1.5	2.0	5.0	5.0	2.0	3.0	3.5	4.5	3.5	4.0	4.5	4.0
Kumamoto	Retail & recreation	3.5	16.0	-2.5	-1.5	3.5	-5.5	-15.5	-15.0	-7.0	-4.0	-8.0	-6.5	-11.5	-15.0	-10.5	-10.0	-5.5	-2.0	-2.0	-6.0	-6.5	-9.0	-5.0	-2.5	-2.0	3.5	11.0	-3.5	-7.0	-2.0	2.0	4.0	0.0	-6.5	-14.0	-13.5	-9.0	-4.0	-11.5	-9.0	-13.5	-16.5	-18.5
Kumamoto	Grocery & pharmacy	5.0	2.5	5.5	9.0	17.5	8.5	-1.0	-1.0	1.0	0.5	-2.5	0.0	-1.5	-3.0	0.0	-2.0	-1.0	2.0	2.0	0.0	2.0	0.0	0.0	0.0	0.0	2.0	3.0	3.5	0.5	-0.5	1.0	4.0	2.0	-2.0	-2.0	3.0	-2.0	2.0	-3.0	2.0	1.0	3.0	2.0
Kumamoto	Parks	42.0	47.0	-5.0	-1.0	-1.0	-18.0	-50.5	-36.5	0.0	2.0	-11.0	6.5	4.5	-25.0	13.0	-7.5	-23.0	10.0	14.5	-1.0	-8.0	3.5	-0.5	9.0	13.0	5.0	54.0	31.5	0.5	13.0	20.0	26.0	-12.0	-25.0	-38.0	23.5	-20.0	-1.5	-22.0	19.0	20.5	21.5	30.0
Kumamoto	Transit stations	12.0	5.0	-2.0	-5.0	-6.5	-17.0	-32.0	-32.5	-19.0	-17.0	-20.0	-17.0	-20.0	-26.5	-19.0	-18.0	-19.0	-14.0	-13.0	-18.0	-18.0	-18.0	-13.0	-11.5	-11.0	-7.0	-5.0	-3.0	-13.0	-9.0	-7.0	-6.5	-10.0	-17.5	-25.5	-17.0	-17.0	-15.5	-22.5	-16.5	-19.0	-22.0	-25.0
Kumamoto	Workplace	-11.5	-39.5	-0.5	0.0	0.0	0.0	3.0	0.5	-1.5	-2.0	-3.0	-2.5	-2.5	-2.0	-2.0	-2.0	-4.0	-3.5	-3.0	-4.5	-4.0	-2.0	-2.0	-3.0	-2.5	-6.0	-42.5	-9.0	-2.0	-2.5	-4.0	-4.0	-4.5	-5.0	-5.5	-2.0	-6.0	-6.0	-8.5	-8.0	-9.0	-9.0	-10.0
Kumamoto	Residential	2.0	9.5	0.5	0.5	1.0	3.0	6.0	4.5	2.0	3.0	4.0	3.0	4.0	6.0	3.5	3.0	4.0	2.0	2.5	4.0	4.5	3.0	2.5	2.5	2.0	1.0	12.5	3.5	2.5	2.0	2.0	1.0	3.0	5.0	6.5	3.5	4.0	4.0	5.0	4.0	5.0	6.5	6.0
Kyoto	Retail & recreation	7.5	19.0	-5.0	-5.0	-3.5	-4.0	-13.0	-9.0	-6.5	-5.5	-15.0	-9.5	-9.0	-12.0	-17.0	-6.0	-13.5	-6.5	-1.0	-4.0	-13.5	-9.0	-9.0	-4.0	-3.0	5.5	14.0	-1.5	-8.5	-2.5	-3.0	1.0	3.0	-9.5	-15.0	-12.0	-7.0	-7.0	-21.5	-15.5	-16.0	-22.0	-25.0
Kyoto	Grocery & pharmacy	5.0	3.0	2.5	0.5	2.5	7.5	3.5	11.0	5.5	5.5	-6.5	1.0	3.0	1.5	-3.5	1.5	-5.0	0.0	5.5	3.0	-3.0	3.0	-1.5	4.0	2.0	6.0	8.0	5.5	1.0	1.0	3.0	5.0	8.5	-3.0	-0.5	5.0	3.0	6.0	-10.0	3.5	6.0	6.0	5.0
Kyoto	Parks	25.0	49.0	-3.5	1.0	-8.0	-7.5	-31.5	-4.0	1.5	4.0	-24.0	-12.5	8.5	0.0	-30.0	13.5	-26.0	1.0	23.5	14.0	-31.5	-3.5	-16.5	16.5	29.0	30.0	68.0	49.0	14.0	21.5	17.0	44.5	41.5	-15.0	-17.0	7.0	13.0	22.0	-20.5	6.5	36.5	34.0	14.0
Kyoto	Transit stations	-1.0	-16.5	-2.5	-5.0	-9.0	-15.0	-30.5	-28.5	-17.0	-18.0	-22.0	-21.5	-22.5	-30.5	-37.0	-18.5	-21.0	-19.0	-18.0	-20.5	-34.5	-30.0	-20.0	-16.5	-15.5	-12.0	-29.0	-20.5	-25.0	-17.5	-17.0	-13.0	-13.5	-20.5	-33.0	-33.0	-22.5	-22.0	-27.0	-27.0	-28.0	-39.0	-47.0
Kyoto	Workplace	-15.0	-45.0	-1.0	-0.5	-1.0	-0.5	1.5	0.0	-1.0	-3.0	-5.0	-4.5	-5.0	-6.0	-6.0	-4.0	-7.0	-5.5	-5.0	-6.5	-8.5	-4.5	-4.0	-4.0	-4.0	-8.5	-49.0	-12.0	-4.0	-4.5	-5.0	-5.5	-6.0	-8.0	-7.0	-4.0	-7.0	-8.0	-10.0	-10.5	-10.0	-12.0	-12.0
Kyoto	Residential	2.0	10.0	0.0	0.0	1.0	1.5	3.5	2.5	2.0	2.0	4.0	3.0	3.5	4.0	5.0	2.5	4.5	3.0	2.0	3.5	5.5	3.0	3.5	2.0	2.0	1.0	13.0	3.0	2.0	2.0	2.0	2.0	1.5	5.0	5.0	4.0	3.5	3.5	6.0	5.0	5.5	6.0	6.0
Mie	Retail & recreation	4.5	16.5	1.0	-1.0	-2.0	0.0	-7.0	-7.0	-6.0	0.0	-10.0	-6.0	-6.5	-8.0	-15.5	-6.5	-7.0	-2.0	-1.0	-3.5	-8.5	-7.0	-8.0	-0.5	-2.0	4.0	14.0	-2.0	-7.5	-5.0	-1.0	2.0	3.0	-4.5	-8.0	-10.0	-6.0	-3.5	-15.0	-10.5	-11.5	-13.5	-17.0
Mie	Grocery & pharmacy	6.0	4.0	5.0	3.0	6.0	10.5	7.0	9.0	7.0	8.0	-2.0	2.0	1.5	2.5	-5.5	3.0	-2.0	1.0	6.0	2.5	0.0	6.0	2.0	5.0	3.0	6.0	9.5	6.0	5.0	3.5	5.0	6.0	10.0	1.5	2.0	3.0	3.5	3.5	-6.5	5.0	4.5	7.0	7.0
Mie	Parks	18.0	45.5	-4.0	-2.0	-5.5	-9.0	-36.0	-5.0	-5.0	2.0	-25.5	-15.5	4.0	-4.0	-46.0	3.0	-31.0	2.0	17.5	6.5	-38.0	-1.5	-18.5	7.5	15.0	13.0	42.5	24.5	4.0	-2.0	-3.0	15.0	25.5	-20.0	-30.5	-21.5	-29.5	-27.0	-33.5	1.5	27.5	22.0	1.0
Mie	Transit stations	2.5	-6.0	-3.5	-5.5	-9.0	-16.5	-32.5	-27.5	-20.0	-19.5	-25.5	-23.0	-24.0	-30.5	-41.5	-20.0	-24.0	-20.0	-18.0	-22.0	-35.0	-27.5	-20.0	-17.0	-17.0	-14.5	-22.5	-17.5	-20.0	-17.0	-16.0	-13.0	-12.0	-20.5	-30.5	-32.5	-22.0	-22.5	-27.0	-25.0	-26.0	-34.5	-41.0
Mie	Workplace	-12.0	-36.0	1.0	0.5	0.5	1.5	3.0	3.0	0.0	-1.0	-3.0	-2.5	-2.5	-1.0	-5.0	-2.0	-4.5	-3.0	-3.0	-3.0	-5.5	-2.0	-2.0	-2.5	-3.0	-6.5	-40.0	-8.0	-2.0	-1.5	-2.0	-3.0	-4.0	-5.0	-4.5	-2.0	-4.5	-5.0	-6.5	-7.0	-7.0	-8.0	-8.0
Mie	Residential	2.5	9.0	0.0	0.0	1.0	1.0	3.5	2.5	2.0	2.0	4.0	3.5	3.5	3.5	6.0	3.0	4.0	2.5	2.5	3.0	5.5	3.0	3.0	2.0	2.0	2.0	13.0	3.5	3.0	2.0	2.5	2.0	2.0	4.0	5.0	4.0	4.0	4.0	5.0	4.5	4.0	5.5	6.0
Miyagi	Retail & recreation	3.5	23.0	0.0	1.5	-1.0	-1.5	-9.0	-11.0	-11.5	-4.0	-7.0	-7.5	-11.0	-10.5	-13.5	-7.0	-10.0	3.0	0.0	-5.0	-7.0	-5.0	-2.5	-2.0	4.5	11.5	10.5	-2.5	-7.0	-3.0	1.0	8.5	5.0	-1.5	-7.0	-13.0	-3.0	-2.5	-8.5	-11.0	-13.5	-25.0	-31.0
Miyagi	Grocery & pharmacy	1.0	4.5	4.0	5.0	6.0	12.0	15.0	10.0	1.5	6.0	1.5	1.0	-1.0	2.0	-3.0	0.0	-3.0	7.0	4.5	2.0	2.0	4.0	-0.5	0.0	6.0	8.0	4.0	4.0	0.5	-1.0	0.5	9.5	9.0	4.0	5.0	0.0	2.0	4.0	5.0	3.5	5.0	3.0	-0.5
Miyagi	Parks	-17.0	18.5	0.0	2.0	1.5	-2.0	-5.5	-6.0	-15.5	2.0	-1.5	-3.5	-2.0	10.0	-33.0	1.0	-19.0	23.0	20.0	13.0	-5.5	19.0	0.5	5.5	30.0	36.5	7.5	28.0	-4.0	8.5	6.0	25.0	27.0	13.5	6.0	-31.0	8.0	16.0	5.0	-1.5	26.5	27.0	1.5
Miyagi	Transit stations	-8.0	-17.5	-1.0	-4.0	-9.0	-15.0	-27.5	-30.5	-21.5	-22.0	-23.0	-23.0	-26.0	-29.5	-34.0	-20.0	-23.0	-19.0	-19.5	-22.0	-26.0	-26.0	-17.0	-19.0	-15.0	-11.0	-34.0	-14.5	-19.5	-16.0	-17.0	-14.0	-16.0	-19.0	-25.0	-33.5	-20.5	-21.5	-25.0	-28.5	-30.0	-43.5	-53.0
Miyagi	Workplace	-15.5	-46.0	0.5	1.0	0.5	2.0	6.0	4.0	-2.5	-2.5	-3.0	-3.0	-3.5	-3.0	-4.5	-4.0	-5.5	-4.0	-4.0	-4.5	-5.0	-2.5	-4.0	-4.0	-2.5	-8.5	-50.5	-11.0	-3.0	-4.0	-4.0	-4.0	-4.5	-4.5	-3.0	-3.0	-6.0	-4.5	-6.0	-9.0	-9.5	-13.0	-15.5
Miyagi	Residential	4.0	12.5	0.0	0.0	1.0	1.0	2.0	3.0	3.0	2.5	3.5	4.0	4.5	3.5	4.5	3.0	4.5	2.5	3.0	3.5	3.5	2.0	3.0	2.5	1.0	1.0	17.0	3.0	1.5	2.0	2.0	1.0	2.0	3.0	3.0	4.0	3.5	3.0	4.0	5.5	6.0	8.0	8.0
Miyazaki	Retail & recreation	8.5	21.0	2.0	0.5	2.0	4.5	-7.0	-9.5	-2.0	-1.0	-4.0	-4.0	-11.0	-16.5	-11.5	-9.5	-2.0	-3.0	-3.5	-5.5	-6.0	-9.0	-2.0	-5.0	-5.0	1.0	10.0	-7.0	-11.0	-5.0	-1.5	3.0	-2.0	-4.0	-11.0	-8.0	-5.0	-3.0	-6.0	-7.0	-9.0	-13.0	-14.0
Miyazaki	Grocery & pharmacy	3.0	1.5	4.0	4.0	8.5	14.5	4.0	-0.5	2.0	3.0	1.0	3.0	0.0	-2.0	1.0	-2.0	4.0	4.0	4.0	2.0	2.5	2.5	0.0	0.0	1.5	5.0	6.0	2.5	-2.0	-1.0	1.0	5.0	3.0	1.0	-1.0	5.5	-2.0	2.0	0.0	1.0	1.0	3.5	4.5
Miyazaki	Parks	33.0	54.0	0.5	5.5	3.0	-15.5	-41.5	-42.0	-2.5	-3.5	-12.5	2.5	-7.0	-35.5	-7.5	-13.0	-14.5	0.5	7.0	-5.5	-8.5	-13.5	-3.0	-4.0	5.5	2.5	44.5	21.0	-32.5	3.0	5.0	10.5	-18.5	-24.0	-30.5	-2.0	-31.0	-19.5	-6.0	25.0	18.0	22.0	18.5
Miyazaki	Transit stations	22.0	22.5	2.5	0.0	-3.0	-13.0	-28.0	-30.5	-14.0	-15.0	-18.0	-16.5	-20.5	-32.0	-20.0	-17.0	-16.0	-12.0	-10.5	-18.5	-20.5	-18.0	-11.0	-14.0	-11.0	-7.0	-3.0	-8.0	-21.0	-11.0	-10.0	-8.5	-14.0	-19.0	-29.5	-17.5	-17.0	-17.0	-20.0	-18.0	-20.0	-26.0	-27.5
Miyazaki	Workplace	-11.5	-39.0	1.0	1.0	1.0	1.5	3.0	2.5	0.0	-1.0	-1.5	-1.0	-2.0	-3.0	-1.5	-0.5	-2.0	-2.5	-2.0	-2.0	-6.0	-2.5	-2.0	-1.5	-1.0	-5.0	-42.5	-10.0	-2.5	-0.5	-2.5	-5.0	-4.0	-3.5	-4.5	1.0	-3.0	-4.0	-4.5	-6.0	-5.5	-7.0	-6.0
Miyazaki	Residential	0.0	8.5	0.0	-0.5	0.0	1.0	4.0	4.0	1.5	2.0	3.0	2.5	3.5	6.0	3.5	3.0	3.0	2.0	2.0	3.0	4.0	3.0	2.0	2.0	2.0	1.0	11.5	3.5	4.0	2.0	2.0	1.5	3.0	4.0	5.0	2.5	4.0	3.0	3.0	2.5	3.0	4.5	4.5
Nagano	Retail & recreation	9.5	25.5	-1.0	-4.0	-4.0	-3.0	-9.0	-10.0	-6.0	-2.0	-6.5	-6.5	-9.0	-11.0	-13.0	-6.5	-6.0	-2.0	-1.0	-4.0	-14.0	-5.5	-9.5	1.0	0.0	6.5	15.5	-1.0	-7.0	-2.0	0.0	3.0	2.5	-3.0	-11.5	-28.0	-8.0	-2.0	-12.0	-10.0	-11.5	-16.0	-18.0
Nagano	Grocery & pharmacy	7.0	4.5	4.0	4.0	6.0	13.0	9.0	5.0	3.0	6.0	0.5	0.0	0.0	0.5	-1.5	-2.0	-1.0	3.0	2.5	1.0	-4.5	4.0	-4.0	3.0	2.0	6.0	9.0	5.5	2.0	0.0	1.0	6.0	9.0	5.0	1.5	-10.5	2.0	6.0	-1.0	3.0	2.5	3.0	3.5
Nagano	Parks	18.5	42.5	-9.0	-8.5	-10.0	-8.5	-15.0	-11.0	-5.5	1.5	-9.0	-12.0	0.0	-5.5	-32.0	7.5	-22.0	5.5	10.0	2.0	-39.5	-9.5	-19.5	1.0	12.0	13.0	22.5	27.5	-11.5	7.0	-5.0	13.0	23.5	-3.5	-25.5	-52.0	-16.5	-2.5	-21.5	-4.5	14.5	8.5	-5.5
Nagano	Transit stations	9.0	11.5	-3.5	-7.0	-9.0	-15.5	-25.5	-26.0	-21.0	-20.0	-22.5	-21.0	-22.0	-25.0	-31.0	-20.5	-21.0	-19.0	-17.0	-20.5	-33.5	-26.0	-22.0	-18.0	-16.0	-9.0	-12.5	-11.5	-13.0	-13.0	-16.0	-13.5	-12.0	-18.5	-32.0	-42.0	-25.0	-24.0	-29.0	-28.0	-29.0	-36.0	-42.0
Nagano	Workplace	-13.5	-41.5	0.0	0.0	0.0	2.0	5.0	1.0	-1.0	-2.0	-2.5	-2.5	-2.0	-1.0	-3.5	-2.5	-3.5	-3.0	-3.0	-3.0	-6.0	-2.0	-3.0	-4.0	-4.5	-7.0	-45.5	-10.5	-1.0	-2.5	-4.0	-4.5	-5.0	-5.0	-4.0	-5.0	-6.5	-5.0	-7.0	-7.5	-7.0	-7.0	-7.5
Nagano	Residential	2.0	10.5	0.0	0.5	1.0	2.0	3.0	3.5	2.0	2.0	3.0	3.0	4.0	4.0	4.5	2.5	3.5	2.0	2.0	3.0	6.0	3.0	3.0	2.5	2.0	1.0	15.0	3.0	2.0	1.5	2.5	1.5	1.0	3.5	4.5	7.0	4.0	3.0	4.0	4.0	4.5	5.5	6.0
Nagasaki	Retail & recreation	7.5	15.5	0.0	1.0	1.0	-2.0	-9.0	-8.0	-3.5	-3.0	-5.5	-4.0	-7.5	-14.5	-6.0	-9.0	-4.0	0.5	-1.0	-4.0	-4.5	-5.0	-5.0	-2.0	1.5	6.0	11.5	-2.5	-7.0	-3.0	-0.5	4.0	-3.0	-9.0	-10.5	-5.0	-4.0	-2.0	-8.5	-8.0	-12.0	-15.5	-15.5
Nagasaki	Grocery & pharmacy	5.0	2.5	2.5	4.0	6.0	8.0	5.0	4.0	5.0	3.5	0.5	2.0	-1.0	-3.5	3.5	-2.0	0.5	3.0	3.5	1.0	4.0	4.0	2.0	2.0	3.0	5.0	5.5	5.0	0.5	3.0	2.0	7.0	1.0	-3.0	1.0	6.5	3.0	5.0	1.0	4.0	3.5	6.0	7.0
Nagasaki	Parks	35.0	32.5	-9.5	3.0	-2.0	-20.5	-38.0	-25.0	-1.5	-7.5	-8.5	-2.0	-7.5	-32.5	9.0	-9.5	-21.0	4.5	7.5	-6.5	-4.0	0.5	0.5	-0.5	12.5	7.0	31.5	23.5	-3.5	12.5	7.5	20.5	-16.5	-30.0	-30.0	19.5	-8.5	-3.5	-16.0	12.5	7.5	15.5	26.5
Nagasaki	Transit stations	10.5	-2.5	1.0	-1.5	-4.0	-12.0	-26.0	-23.5	-13.0	-13.5	-17.0	-15.5	-18.0	-32.0	-20.5	-15.0	-19.0	-13.0	-12.0	-15.0	-23.0	-22.5	-13.5	-12.5	-10.0	-7.0	-17.0	-13.0	-16.0	-7.5	-7.0	-4.0	-11.5	-16.0	-23.5	-14.5	-11.5	-11.5	-19.0	-18.0	-21.0	-29.5	-33.5
Nagasaki	Workplace	-11.0	-39.0	1.0	1.5	1.0	1.5	2.5	2.5	1.0	0.0	-1.0	-1.0	-1.5	-3.0	-0.5	0.0	-3.0	-1.5	-1.5	-2.0	-3.5	-2.0	0.5	-3.0	-3.0	-4.5	-41.5	-9.0	-2.0	-0.5	-1.5	-2.0	-4.0	-5.0	-4.5	1.5	-2.0	-3.0	-5.5	-6.0	-6.5	-7.5	-7.0
Nagasaki	Residential	0.5	8.5	0.0	-0.5	0.0	1.5	3.5	3.0	1.5	1.0	2.5	2.0	3.0	5.0	3.0	3.0	3.0	1.5	1.5	3.0	3.0	3.0	2.0	2.0	1.0	0.0	11.0	2.5	3.0	1.5	1.0	0.5	3.0	4.5	4.5	2.0	2.5	2.0	3.0	3.0	4.0	5.0	5.5
Nara	Retail & recreation	3.5	21.0	-1.0	-1.5	-1.5	0.5	-7.0	-4.5	-6.0	-2.0	-12.5	-7.0	-5.5	-5.0	-15.0	-6.5	-11.0	-3.0	-0.5	-2.0	-10.5	-5.0	-10.0	-1.5	-1.5	4.5	22.5	3.5	-6.0	-3.5	0.0	3.0	3.5	-5.5	-10.0	-8.0	-6.5	-0.5	-16.5	-10.0	-9.0	-9.0	-13.0
Nara	Grocery & pharmacy	10.0	12.0	7.5	5.0	7.0	12.5	9.0	18.5	10.0	10.0	-2.0	4.5	5.5	7.0	1.0	4.5	-1.5	6.0	7.0	5.5	0.0	11.0	2.0	7.0	7.0	8.5	18.5	10.5	6.0	3.5	5.0	9.0	11.5	1.5	3.0	9.5	4.5	9.5	-3.0	8.0	9.5	14.5	14.5
Nara	Parks	40.0	60.5	-5.0	-3.0	-6.0	-8.0	-34.5	9.5	2.0	8.5	-28.5	-7.0	12.0	4.0	-32.5	12.0	-27.5	10.5	33.5	12.5	-38.5	13.5	-17.0	13.5	24.0	22.5	64.5	40.0	23.5	15.5	9.5	29.5	34.0	-22.0	-37.5	2.0	-15.0	17.0	-24.5	13.5	44.5	51.0	53.5
Nara	Transit stations	-4.5	-26.0	-2.5	-2.0	-5.5	-7.0	-25.5	-20.0	-12.0	-14.0	-17.5	-16.0	-15.0	-26.0	-35.0	-12.0	-17.5	-12.0	-11.5	-12.5	-31.5	-22.5	-14.0	-13.5	-9.0	-8.0	-28.5	-17.5	-20.5	-11.5	-12.0	-8.0	-8.0	-13.0	-30.0	-29.0	-17.0	-15.5	-18.0	-17.0	-15.0	-25.0	-30.0
Nara	Workplace	-14.5	-46.0	0.0	-1.0	-1.0	1.0	1.5	1.5	-1.5	-3.0	-5.5	-4.5	-4.0	-5.5	-7.0	-3.0	-6.5	-6.0	-5.0	-6.0	-9.0	-3.5	-4.0	-5.0	-5.0	-9.5	-50.0	-12.5	-5.0	-3.5	-5.0	-5.0	-6.5	-7.0	-8.0	-6.0	-7.0	-6.5	-9.0	-9.5	-9.0	-10.0	-10.0
Nara	Residential	2.0	11.0	0.0	0.0	1.0	1.0	3.0	2.0	2.0	2.0	4.0	3.0	3.0	4.0	5.0	3.0	4.5	2.5	2.0	3.0	5.5	3.0	3.5	2.0	1.5	1.0	13.0	3.0	2.0	2.0	2.5	1.5	1.5	4.0	5.0	4.0	4.0	3.0	5.0	4.0	4.0	5.0	5.0
Niigata	Retail & recreation	4.5	29.0	0.0	2.0	1.0	1.0	-4.0	-8.0	-4.0	-4.0	-6.0	-11.0	-7.5	-8.5	-8.5	-1.5	-6.0	-3.5	1.0	-2.0	-4.5	-5.5	-8.0	-4.0	-0.5	8.5	11.5	-1.5	-11.5	-1.0	0.0	6.0	5.5	-0.5	-6.0	-10.5	0.5	2.5	-4.5	-5.5	-4.0	-7.0	-13.0
Niigata	Grocery & pharmacy	2.5	8.0	4.5	5.0	7.0	13.0	10.0	6.0	4.0	9.0	3.0	-1.0	1.5	1.0	1.0	-1.0	1.5	1.0	4.5	2.0	1.0	3.0	-4.0	0.5	2.0	8.0	6.0	1.0	-3.0	-1.5	2.0	7.0	9.0	4.0	2.0	2.0	1.5	5.0	2.0	3.0	4.0	3.0	1.5
Niigata	Parks	-13.0	13.5	-0.5	6.5	-0.5	-1.5	-10.0	-8.5	-2.0	-1.0	-2.5	-21.0	-4.5	9.5	10.5	26.0	-15.0	-9.5	18.0	6.0	-23.0	5.5	-21.0	-0.5	9.5	34.0	-8.5	14.0	-32.5	6.5	-3.0	22.0	37.5	2.0	-20.0	-22.0	15.5	36.0	6.5	0.0	42.0	42.0	-21.0
Niigata	Transit stations	2.0	3.0	-2.0	-2.5	-7.0	-14.0	-24.0	-28.5	-21.0	-22.0	-24.0	-27.0	-26.0	-27.0	-28.5	-19.5	-23.0	-23.0	-20.0	-23.0	-29.0	-25.0	-24.0	-20.0	-18.0	-11.0	-29.0	-20.5	-26.5	-18.5	-21.0	-16.0	-14.0	-21.5	-29.5	-35.0	-21.5	-21.0	-25.0	-27.0	-26.5	-31.0	-41.0
Niigata	Workplace	-15.5	-47.5	0.0	0.5	0.0	2.5	8.5	1.0	-1.5	-3.5	-3.0	-4.0	-3.0	-2.0	-3.5	-3.5	-3.5	-4.0	-3.5	-4.0	-8.0	-3.5	-3.0	-3.0	-3.0	-7.0	-50.5	-10.0	-3.5	-3.0	-5.0	-4.0	-4.5	-5.5	-7.0	-4.0	-5.5	-5.0	-6.5	-8.0	-8.0	-8.0	-9.0
Niigata	Residential	4.0	12.5	0.0	0.5	1.0	1.0	2.0	3.0	2.0	3.0	4.0	4.5	4.0	4.0	4.0	2.0	3.5	4.0	3.0	4.0	5.0	3.0	3.5	3.0	3.0	1.5	18.0	4.5	4.0	2.0	3.0	2.0	2.0	3.5	5.0	4.5	3.0	2.5	3.5	4.0	4.0	4.5	6.0
Oita	Retail & recreation	9.5	18.0	-1.0	-1.5	-1.0	0.0	-10.0	-8.0	-4.5	-6.0	-10.0	-9.0	-12.0	-16.5	-11.0	-11.0	-5.5	-4.5	-3.5	-5.0	-7.0	-7.0	-6.0	-5.0	-4.5	2.0	10.5	-4.5	-12.0	-8.0	-3.5	-0.5	-4.0	-8.0	-14.0	-10.0	-9.0	-8.0	-13.5	-12.0	-15.0	-18.5	-19.0
Oita	Grocery & pharmacy	6.0	3.0	4.0	2.0	7.5	12.5	4.0	3.0	4.0	4.0	0.5	1.5	-1.0	-3.0	1.0	-2.0	1.0	0.0	2.0	0.0	1.0	1.5	0.0	-1.0	0.0	4.0	6.0	4.0	0.0	-0.5	1.5	3.0	2.5	-2.0	-3.0	4.0	-2.0	0.0	-4.0	1.0	-0.5	2.0	2.0
Oita	Parks	38.5	43.5	-2.0	-3.0	-8.5	-17.5	-45.5	-30.5	-8.5	-9.5	-15.0	-4.5	-2.0	-26.5	-1.5	-9.0	-15.5	4.0	7.5	-2.0	-14.5	2.5	-7.5	3.5	9.5	8.0	56.5	37.5	4.5	6.0	6.5	17.5	-14.0	-21.0	-36.5	12.0	-20.5	-21.5	-30.5	6.5	11.0	18.5	16.0
Oita	Transit stations	19.0	14.0	0.0	-4.0	-5.5	-13.5	-29.0	-28.0	-16.5	-18.5	-21.5	-19.0	-19.5	-29.5	-22.0	-19.0	-22.0	-15.0	-12.0	-16.0	-18.0	-16.0	-13.0	-12.0	-11.0	-5.0	3.5	0.0	-15.5	-13.0	-13.5	-10.0	-15.0	-20.0	-29.5	-20.0	-21.0	-21.5	-26.0	-20.5	-23.0	-25.5	-29.0
Oita	Workplace	-10.5	-39.0	0.5	1.0	0.5	1.0	1.5	1.0	-0.5	-2.5	-3.0	-3.0	-4.0	-3.5	-3.0	-1.5	-4.0	-3.5	-3.0	-3.5	-5.0	-2.5	-1.0	-2.5	-2.0	-5.0	-41.5	-9.5	-3.0	-2.0	-5.5	-4.0	-4.0	-5.0	-6.0	-2.0	-4.0	-4.5	-7.0	-8.0	-8.5	-9.5	-11.0
Oita	Residential	1.0	8.5	-0.5	0.0	0.5	1.5	4.0	3.0	2.0	2.5	3.5	3.5	4.0	5.5	3.5	3.0	3.5	2.0	2.5	3.0	4.0	2.5	2.5	2.0	1.5	1.0	12.0	3.5	3.0	2.5	3.0	2.0	3.5	5.0	6.0	3.0	4.0	4.0	4.5	4.0	5.0	6.0	5.5
Okayama	Retail & recreation	7.0	23.0	-1.0	-1.0	-2.0	-3.0	-9.0	-6.0	-2.5	-1.5	-10.0	-5.0	-6.0	-9.5	-10.5	-4.0	-3.5	-1.0	1.0	-1.0	-3.0	-4.0	-3.5	0.0	0.0	7.0	18.0	1.0	-6.0	-2.0	1.0	3.0	2.0	-4.5	-8.0	-8.0	-1.5	-0.5	-13.0	-7.5	-9.0	-11.0	-15.0
Okayama	Grocery & pharmacy	3.5	3.0	3.0	1.0	5.0	9.5	9.5	9.0	5.5	5.5	-3.0	2.0	0.0	0.0	0.5	-2.0	2.0	1.5	2.5	1.5	2.0	4.0	-1.0	2.0	2.0	4.0	10.0	4.0	1.0	-1.5	2.5	3.5	5.0	-0.5	3.0	5.5	4.0	3.0	-6.0	3.5	3.5	5.5	4.5
Okayama	Parks	34.5	60.0	5.5	3.0	0.0	-4.0	-33.5	-3.0	9.5	21.0	-22.0	-2.0	12.0	-5.0	-20.5	12.0	-5.0	12.0	20.5	12.0	-14.0	0.0	-1.0	27.5	21.0	23.0	62.0	43.0	11.5	22.0	36.0	27.0	20.5	-17.5	-20.0	10.5	17.0	29.0	-23.5	22.0	40.0	54.0	41.0
Okayama	Transit stations	11.0	2.0	0.0	-2.0	-8.0	-14.5	-27.0	-21.0	-17.0	-16.5	-21.0	-19.0	-21.0	-27.0	-28.0	-15.5	-18.0	-15.0	-14.5	-16.0	-22.0	-17.0	-12.0	-12.0	-9.0	-4.0	-11.5	-9.0	-8.0	-8.5	-12.0	-10.0	-10.5	-18.5	-25.0	-19.5	-14.5	-16.0	-22.5	-20.0	-23.0	-27.0	-28.5
Okayama	Workplace	-14.0	-41.5	0.5	0.5	0.5	1.5	3.0	3.0	0.0	-1.5	-3.0	-2.0	-2.0	-2.5	-2.5	-1.0	-3.5	-3.0	-3.0	-4.0	-5.0	-2.5	-1.5	-3.0	-2.5	-6.0	-44.5	-11.5	-2.0	-1.0	-3.0	-3.5	-3.5	-5.0	-5.0	-1.0	-4.0	-4.5	-7.5	-7.0	-7.0	-10.0	-9.0
Okayama	Residential	2.0	10.5	0.0	0.0	0.5	1.5	3.0	2.0	2.0	1.5	3.5	2.5	3.0	4.0	4.0	2.5	3.0	2.0	2.0	3.0	4.0	2.5	3.0	2.0	1.5	0.5	13.0	2.5	2.0	2.0	1.5	1.5	1.5	4.0	4.5	3.0	3.0	3.0	5.0	3.5	4.0	5.0	5.0
Okinawa	Retail & recreation	2.0	6.5	-3.0	-6.5	-6.0	-7.0	-9.0	-12.5	-12.0	-7.0	-12.0	-10.5	-9.0	-12.0	-10.5	-11.5	-4.5	-4.0	-6.0	-6.0	-6.0	-5.5	-8.0	-4.0	-6.0	-3.0	1.0	-5.5	-9.0	-7.5	-2.0	-3.0	-3.5	-6.0	-12.0	-11.0	-9.5	-7.0	-11.5	-13.0	-15.0	-20.0	-20.0
Okinawa	Grocery & pharmacy	0.5	-1.0	1.0	-0.5	0.0	0.5	-0.5	-3.5	-3.0	-1.0	-5.0	-4.5	-5.0	-7.0	-3.0	-5.0	-1.0	0.0	-3.0	-5.5	-5.0	-1.5	-3.0	-3.0	-4.0	-6.5	-3.0	-4.0	-3.0	-4.0	-1.5	0.0	1.0	-3.0	-7.0	-1.0	-3.0	-2.5	-3.5	-3.0	-3.0	-5.0	-0.5
Okinawa	Parks	21.5	23.0	-8.5	-7.0	-8.0	-8.5	-20.0	-31.0	-25.5	-17.0	-24.0	-40.0	-12.0	-35.0	-18.0	-21.5	-30.0	-12.0	-20.5	-28.5	-40.0	-11.5	-16.0	-13.0	-17.0	-33.5	11.0	-5.5	-13.0	-17.0	-14.0	-7.5	-2.5	-11.0	-37.0	-17.5	-18.0	-32.5	-26.5	-15.0	-15.0	-44.5	-23.0
Okinawa	Transit stations	0.0	2.0	-2.0	-7.5	-13.0	-17.0	-22.5	-30.5	-25.5	-26.5	-28.0	-29.5	-28.0	-32.0	-31.5	-26.0	-28.0	-23.0	-25.0	-29.0	-31.0	-29.0	-22.0	-23.5	-19.0	-19.0	-21.5	-19.5	-20.5	-19.0	-20.0	-17.5	-16.0	-21.0	-27.0	-27.0	-25.0	-25.0	-26.0	-29.0	-31.5	-38.5	-40.5
Okinawa	Workplace	-11.0	-35.0	-1.5	-0.5	0.0	2.0	5.5	2.0	-1.0	-1.0	-3.0	-4.0	-1.5	0.0	-2.5	-3.0	-4.0	-4.0	-4.0	-4.0	-2.5	-1.0	-0.5	-2.0	-2.0	-6.5	-36.0	-5.0	-2.0	-2.0	-3.0	-4.0	-5.0	-5.0	-2.0	0.0	-6.0	-8.0	-8.5	-9.0	-8.5	-6.5	-8.0
Okinawa	Residential	1.0	8.0	0.5	1.0	1.0	0.5	2.0	3.0	1.5	2.0	3.5	4.0	2.5	4.0	3.0	2.0	3.0	2.0	3.0	3.5	3.5	2.0	0.5	1.0	2.0	2.0	10.5	2.5	1.5	0.5	1.5	2.0	2.0	2.0	4.0	2.5	2.0	4.0	4.5	4.5	4.0	7.0	5.5
Osaka	Retail & recreation	2.0	11.0	-3.0	-4.0	-5.0	-5.0	-16.0	-11.0	-7.0	-6.5	-18.5	-10.0	-12.0	-15.0	-21.0	-8.0	-16.5	-7.5	-5.5	-9.0	-18.5	-13.0	-11.0	-7.0	-5.0	1.0	-3.0	-12.0	-16.0	-8.0	-6.5	-3.0	-4.0	-17.0	-24.0	-22.5	-13.5	-9.5	-24.5	-18.0	-19.0	-24.5	-29.0
Osaka	Grocery & pharmacy	2.0	0.0	3.0	1.0	4.0	8.0	1.5	14.5	6.0	5.0	-9.0	3.5	2.0	0.5	-4.5	1.5	-6.5	1.0	4.0	1.5	-7.0	3.5	-2.0	3.0	1.0	4.0	1.0	1.5	-1.0	0.0	1.5	4.0	8.0	-7.5	-3.0	2.0	1.0	6.0	-11.5	5.5	5.5	5.0	3.5
Osaka	Parks	17.5	45.0	-3.0	-1.5	-8.0	-8.5	-36.5	-4.0	5.0	6.0	-32.0	-10.0	5.0	-3.5	-34.0	11.5	-29.5	8.0	22.5	9.5	-42.0	-1.5	-12.0	15.5	26.0	23.5	44.5	26.0	10.5	17.0	12.5	28.5	27.5	-30.0	-38.0	-12.0	-10.0	14.5	-30.5	7.5	29.0	33.0	20.5
Osaka	Transit stations	-9.5	-29.5	-3.5	-5.0	-7.0	-11.0	-26.0	-27.0	-14.0	-17.0	-19.0	-18.0	-19.5	-30.5	-35.0	-17.0	-19.5	-17.0	-17.0	-19.0	-32.5	-31.0	-17.5	-16.5	-15.0	-11.5	-43.0	-30.5	-30.5	-16.0	-16.0	-13.0	-14.0	-18.0	-34.0	-39.0	-21.0	-18.5	-22.0	-22.0	-24.0	-38.5	-47.0
Osaka	Workplace	-15.5	-48.0	0.5	0.0	0.0	0.5	1.0	1.0	-1.0	-3.0	-5.0	-4.0	-4.5	-6.0	-7.0	-3.0	-6.5	-5.0	-5.0	-5.5	-8.0	-4.0	-3.0	-5.0	-5.0	-8.5	-52.5	-14.0	-5.0	-3.0	-4.5	-5.0	-6.0	-8.0	-8.0	-7.5	-6.0	-6.5	-10.0	-9.5	-10.5	-13.5	-14.5
Osaka	Residential	2.5	12.0	0.0	1.0	1.0	2.0	4.0	2.5	2.5	3.0	5.0	3.5	4.0	5.0	5.0	3.0	5.0	3.0	3.0	4.0	6.0	3.0	3.5	2.5	2.5	1.5	15.5	4.5	3.0	2.5	3.0	2.0	2.0	5.5	7.0	5.0	4.5	4.0	6.5	5.5	6.0	7.0	7.0
Saga	Retail & recreation	8.5	24.5	-0.5	0.0	1.0	-0.5	-10.0	-9.0	-3.0	-1.0	-3.0	-2.5	-5.0	-9.5	-4.0	-6.0	0.0	3.0	4.0	1.0	-2.0	-5.0	-4.5	1.0	0.0	8.5	21.5	1.5	-6.0	-2.0	3.0	6.5	2.0	-4.5	-6.5	-5.0	-1.0	3.0	-5.5	-4.0	-7.0	-11.0	-15.0
Saga	Grocery & pharmacy	7.5	4.5	2.5	4.0	7.5	9.0	4.0	3.5	2.5	2.5	1.0	1.5	-2.0	-4.0	2.0	-3.0	0.5	2.0	4.0	1.0	2.0	0.5	-1.0	-1.0	0.0	4.0	7.0	2.5	-1.0	-2.0	-0.5	4.0	0.0	-5.0	-2.0	4.0	1.0	2.0	-2.0	2.0	1.0	3.0	4.0
Saga	Parks	52.0	71.0	-3.5	8.0	-4.5	-17.0	-43.5	-28.0	-4.0	-2.0	-2.0	3.0	0.0	-33.0	0.5	-6.0	-17.5	15.0	10.0	-1.0	-11.0	-2.0	-4.5	3.5	16.5	12.5	65.5	31.0	-1.0	15.5	16.0	35.5	-12.0	-25.5	-31.5	34.5	4.0	16.5	-6.5	28.5	29.5	28.0	24.0
Saga	Transit stations	10.0	4.0	-0.5	-2.5	-5.5	-15.5	-31.0	-29.5	-19.0	-19.0	-20.0	-19.5	-23.0	-32.5	-24.5	-20.0	-21.0	-15.5	-14.0	-20.0	-24.5	-23.5	-20.0	-17.5	-15.0	-11.0	-12.0	-12.5	-20.5	-15.0	-12.5	-9.0	-17.5	-24.5	-29.0	-21.0	-17.0	-15.5	-23.5	-19.0	-21.0	-28.5	-34.0
Saga	Workplace	-13.0	-40.5	1.0	1.0	1.0	2.0	5.0	2.5	0.5	-1.5	-2.0	-2.0	-2.5	-3.0	-3.0	-1.0	-3.0	-2.5	-2.5	-3.0	-4.5	-3.0	-1.0	-3.0	-2.5	-7.0	-45.0	-11.0	-4.5	-1.5	-2.0	-3.0	-3.0	-5.0	-5.0	-1.0	-3.0	-3.0	-6.0	-6.5	-7.0	-7.5	-9.0
Saga	Residential	1.0	9.5	0.0	0.0	0.0	1.5	4.0	3.0	1.5	2.0	2.5	2.0	3.0	5.0	3.5	3.0	3.0	2.0	2.0	3.0	4.0	3.5	3.0	2.0	2.0	1.0	13.0	3.5	3.0	2.0	1.5	1.0	2.5	5.0	5.0	2.5	3.0	2.0	4.0	3.0	4.0	5.5	6.0
Saitama	Retail & recreation	1.0	23.5	-2.0	-6.5	-2.0	2.0	-4.0	-9.0	-12.0	-1.0	-11.0	-7.0	-7.5	-9.0	-16.0	-4.0	-10.5	-2.5	-1.5	-2.5	-17.0	-7.0	-7.0	-1.0	-2.0	4.0	15.0	-1.5	-8.0	-5.0	0.0	1.0	3.0	-4.0	-22.0	-46.5	-12.5	-5.0	-20.0	-13.5	-11.0	-17.0	-28.5
Saitama	Grocery & pharmacy	3.0	6.0	6.0	3.5	10.0	19.5	12.0	7.5	1.0	9.5	0.0	2.0	4.0	2.5	-4.0	2.0	-3.5	7.0	5.5	5.0	-8.5	7.0	0.0	6.5	5.0	7.0	9.5	7.0	3.0	0.0	3.5	10.5	20.5	13.5	0.5	-24.5	3.5	8.0	-6.5	5.0	9.0	8.0	0.0
Saitama	Parks	22.0	52.0	1.0	-9.0	-5.0	-1.5	2.5	14.0	-28.5	18.5	-15.5	-6.0	7.0	-7.0	-34.5	6.5	-27.0	30.0	18.0	15.5	-47.0	18.0	-5.5	21.0	36.0	24.5	41.0	46.5	57.0	20.0	24.5	59.0	57.5	33.5	-5.0	-53.0	-11.0	7.5	-31.5	-2.0	28.0	31.5	-4.0
Saitama	Transit stations	-8.5	-29.5	-3.0	-6.5	-8.0	-11.0	-20.0	-24.5	-15.0	-16.0	-19.0	-17.0	-18.0	-24.5	-32.0	-15.0	-18.0	-16.0	-15.0	-16.5	-30.0	-24.0	-14.5	-15.5	-14.0	-11.0	-35.0	-20.0	-18.0	-14.0	-14.0	-12.0	-13.5	-18.0	-35.5	-50.5	-25.5	-22.0	-25.5	-25.5	-26.5	-38.5	-48.5
Saitama	Workplace	-15.5	-46.5	0.5	0.0	0.0	0.0	3.0	-0.5	-3.0	-3.5	-5.0	-4.5	-4.5	-4.5	-6.5	-4.5	-6.0	-5.0	-5.0	-6.0	-8.0	-3.0	-4.0	-4.5	-4.0	-8.5	-51.5	-12.0	-4.0	-4.0	-6.0	-5.0	-6.0	-9.0	-11.0	-19.5	-10.5	-9.0	-12.0	-13.0	-13.0	-16.0	-18.5
Saitama	Residential	3.5	13.5	0.5	1.0	1.5	2.0	3.0	3.0	4.0	3.0	5.0	4.5	5.0	4.5	5.5	4.0	5.5	3.5	4.0	4.5	7.0	3.0	4.0	3.0	3.0	2.5	18.0	4.0	2.0	3.0	4.0	3.0	3.0	5.5	8.0	11.0	7.0	6.0	8.0	8.0	8.0	9.0	9.0
Shiga	Retail & recreation	5.5	24.5	-2.0	-2.5	-1.5	-2.0	-9.0	-6.5	-7.5	-0.5	-10.0	-7.0	-9.0	-8.5	-13.5	-7.5	-10.5	-0.5	4.5	-2.5	-7.0	-4.5	-10.5	-1.5	0.0	10.0	20.0	1.0	-6.0	-3.5	0.5	3.0	6.0	-5.0	-9.0	-7.5	-4.0	-0.5	-13.0	-6.5	-8.0	-10.0	-15.0
Shiga	Grocery & pharmacy	5.0	6.0	5.0	3.0	5.5	11.0	9.0	10.0	8.0	7.0	-2.0	1.0	3.0	3.5	-3.0	3.0	-2.0	2.0	6.0	3.0	0.0	4.0	-1.0	4.0	3.0	8.0	10.0	7.0	1.5	3.0	3.5	6.0	9.0	0.5	2.5	6.0	4.0	7.0	-7.0	3.5	6.0	10.0	9.0
Shiga	Parks	27.5	89.0	-2.5	3.5	-5.0	-6.0	-28.5	-0.5	5.5	15.0	-22.5	-14.0	14.5	15.0	-33.0	22.0	-22.0	6.5	41.0	22.0	-25.5	0.0	-17.0	26.5	37.0	39.0	87.5	70.0	12.0	18.5	18.5	39.5	47.5	-9.0	-17.0	-10.0	15.5	32.0	-14.5	11.5	64.0	83.0	41.0
Shiga	Transit stations	8.0	-3.5	-4.0	-4.0	-6.5	-13.5	-29.5	-22.5	-16.0	-18.0	-20.5	-19.0	-20.0	-25.5	-31.5	-15.0	-21.0	-16.0	-13.0	-17.0	-30.5	-23.0	-17.0	-15.0	-13.0	-8.0	-20.0	-13.0	-13.5	-12.5	-16.0	-10.0	-8.0	-16.5	-28.0	-26.0	-16.5	-18.0	-22.0	-22.0	-23.0	-30.5	-36.5
Shiga	Workplace	-15.0	-44.0	0.0	0.0	-0.5	0.0	1.0	2.0	-2.0	-3.0	-4.0	-4.0	-4.0	-5.0	-5.5	-3.5	-5.5	-4.5	-4.0	-4.5	-7.0	-3.0	-5.0	-4.0	-4.0	-9.0	-48.5	-12.5	-3.5	-4.0	-4.5	-4.5	-5.0	-6.0	-4.5	-2.5	-6.5	-7.0	-8.5	-8.5	-8.0	-10.5	-9.0
Shiga	Residential	2.0	11.0	0.0	0.5	1.0	1.0	3.0	2.0	2.0	2.0	4.0	3.0	3.5	4.0	4.5	2.5	4.0	3.0	2.0	3.0	4.5	3.0	3.5	2.0	2.0	1.0	15.0	3.0	2.0	2.0	2.0	2.0	1.0	4.0	5.0	3.5	3.0	3.0	5.0	4.0	4.5	5.0	5.0
Shimane	Retail & recreation	7.5	15.5	0.0	1.0	2.0	-1.0	-5.0	-3.0	-3.0	0.0	-4.0	-3.0	-4.0	-8.0	-6.0	-4.0	-4.0	1.0	3.0	2.0	-2.0	-4.0	-5.0	0.5	3.0	10.5	20.0	3.0	-3.0	-1.0	3.0	8.0	9.0	1.5	-1.0	0.5	4.0	3.5	-5.5	-0.5	-2.0	-4.0	-5.0
Shimane	Grocery & pharmacy	3.5	2.5	7.0	6.0	6.0	8.0	9.0	7.0	5.5	5.0	2.0	5.5	3.0	1.5	2.5	1.0	0.0	1.0	4.0	3.0	4.0	5.5	3.5	3.0	3.0	5.5	9.0	5.0	1.0	1.5	4.0	9.0	9.0	1.5	3.0	5.0	3.5	6.0	-1.5	4.5	5.0	6.5	11.5
Shimane	Parks	47.5	69.0	3.5	1.0	4.0	-3.0	-22.5	4.0	-2.0	9.0	-8.0	-8.0	7.5	-10.5	-6.0	19.5	-9.5	6.0	26.5	7.5	-23.5	-9.0	0.0	14.0	30.0	32.5	62.5	41.0	10.5	31.0	32.0	42.5	36.5	-8.5	-11.5	35.5	50.0	51.5	-5.5	31.5	52.0	49.0	51.0
Shimane	Transit stations	18.5	12.0	6.0	2.0	0.5	-10.5	-20.0	-14.0	-13.0	-8.0	-13.0	-14.0	-14.0	-13.5	-16.0	-6.0	-12.0	-7.0	-2.5	-9.0	-14.0	-12.0	-11.0	-5.0	-2.5	2.0	3.5	11.5	-2.5	-1.5	-1.0	2.0	0.0	-12.0	-13.0	0.5	-2.0	-3.5	-16.5	-9.0	-11.0	-6.0	-5.0
Shimane	Workplace	-13.0	-42.5	0.5	1.0	1.5	2.5	8.0	5.0	0.0	-0.5	-0.5	-1.0	0.0	2.5	1.0	-0.5	-1.5	-1.0	-0.5	0.0	-5.0	-0.5	0.0	-0.5	-0.5	-4.5	-44.0	-6.0	2.0	0.5	-1.0	-1.5	-2.5	-3.5	-3.0	4.0	-3.0	-4.0	-5.0	-5.0	-6.0	-5.0	-3.5
Shimane	Residential	1.5	10.5	-0.5	-0.5	0.0	1.0	1.5	1.5	1.0	1.0	1.5	2.0	2.0	2.5	3.0	1.5	2.5	1.0	1.0	1.5	3.5	2.5	2.0	1.0	0.5	0.0	13.5	2.0	1.5	0.5	0.5	0.0	0.5	3.0	2.5	1.0	1.5	1.5	3.0	2.0	2.5	3.0	3.0
Shizuoka	Retail & recreation	10.0	25.0	2.0	-3.0	0.0	-1.5	-9.0	-8.0	-5.5	-1.0	-8.5	-3.0	-6.0	-9.5	-20.0	-1.5	-7.0	0.0	2.0	-1.5	-12.0	-3.5	-1.0	2.0	1.0	7.0	17.0	1.5	-3.5	-0.5	6.0	5.0	6.5	-4.0	-8.5	-15.5	-4.0	0.0	-13.5	-8.5	-11.0	-16.0	-18.0
Shizuoka	Grocery & pharmacy	7.0	3.0	6.0	1.5	5.5	12.0	10.0	7.0	2.0	5.5	-3.0	2.5	2.0	2.0	-11.5	0.5	-5.0	2.5	3.5	2.0	-4.0	6.5	0.0	2.0	0.5	2.0	9.0	6.0	3.0	-2.0	2.0	5.0	10.5	-0.5	4.0	-3.5	1.0	5.0	-6.0	5.0	4.5	7.0	5.5
Shizuoka	Parks	52.5	63.5	2.5	-9.0	0.5	-3.0	-20.5	-4.5	-15.5	5.5	-14.5	0.0	11.5	-4.0	-52.5	9.0	-28.5	7.0	18.0	9.5	-43.0	8.5	1.5	9.5	15.0	11.5	51.0	36.5	21.5	7.5	17.0	20.0	27.5	-17.5	-18.0	-43.0	-9.5	-6.5	-34.0	9.5	24.5	20.0	15.0
Shizuoka	Transit stations	18.0	5.0	0.0	-4.5	-5.5	-15.0	-29.0	-27.0	-20.0	-18.0	-21.0	-18.0	-21.0	-27.5	-38.5	-18.0	-23.5	-17.0	-15.0	-19.0	-34.5	-22.0	-15.0	-15.5	-14.5	-9.0	-13.0	-11.0	-8.0	-11.0	-12.0	-11.0	-9.5	-17.5	-30.0	-37.5	-21.5	-21.0	-27.0	-24.0	-27.0	-35.5	-39.5
Shizuoka	Workplace	-12.5	-35.5	1.0	0.5	0.5	1.0	2.0	0.0	-1.5	-1.0	-3.0	-3.0	-2.5	-4.0	-7.0	-2.5	-4.0	-3.0	-3.5	-4.0	-7.0	-2.5	-2.0	-2.0	-3.5	-7.5	-39.5	-10.5	-2.5	-3.0	-3.0	-3.5	-4.0	-5.5	-6.0	-6.5	-6.0	-5.5	-8.0	-8.0	-8.0	-10.5	-10.0
Shizuoka	Residential	2.0	9.5	0.5	0.5	1.0	1.0	3.0	3.0	2.5	2.5	3.5	3.0	3.0	4.0	6.0	2.0	5.0	2.0	2.5	3.0	6.0	2.5	2.0	2.5	2.0	2.0	12.5	3.5	2.0	2.0	2.5	2.0	1.5	4.0	5.0	6.0	4.0	4.0	5.5	4.5	5.0	6.0	6.0
Tochigi	Retail & recreation	5.5	26.0	-3.0	-3.5	-1.0	-0.5	-8.5	-10.5	-8.0	-3.0	-8.0	-4.0	-10.0	-13.0	-14.5	-6.5	-9.5	-0.5	0.0	-4.0	-14.5	-7.0	-4.0	-1.5	0.0	7.5	17.0	0.0	-6.0	-2.0	0.0	4.0	4.0	-1.0	-12.5	-30.0	-5.0	-1.5	-13.0	-8.5	-10.5	-15.0	-20.0
Tochigi	Grocery & pharmacy	4.5	3.0	4.5	4.5	8.5	16.0	10.5	7.5	0.0	5.0	-0.5	1.0	0.0	0.5	-2.0	0.0	-3.5	4.5	5.0	2.0	-5.0	4.5	-2.0	3.0	3.0	7.0	6.0	6.5	3.5	-1.0	2.0	6.0	11.0	7.5	0.5	-14.5	-1.0	5.0	-1.5	3.0	2.0	4.0	0.5
Tochigi	Parks	11.5	45.5	-8.5	-6.0	-3.0	-2.5	-14.5	-4.0	-24.5	7.5	-14.5	-3.5	5.0	-12.0	-29.0	8.0	-26.0	18.5	21.0	10.5	-46.5	7.5	1.5	16.0	26.5	24.0	37.5	38.5	28.5	18.5	10.0	36.0	41.0	33.5	-10.0	-53.5	5.0	11.0	-16.5	13.5	41.5	35.0	-5.5
Tochigi	Transit stations	12.0	6.5	-0.5	-4.5	-7.0	-14.5	-26.0	-22.0	-21.0	-16.5	-23.0	-20.0	-21.5	-27.0	-28.5	-19.5	-23.0	-16.5	-16.0	-19.5	-34.0	-18.5	-15.0	-13.5	-12.0	-5.0	-4.0	-5.0	0.0	-10.5	-11.0	-10.0	-10.0	-15.5	-29.5	-43.5	-23.5	-20.0	-28.5	-26.0	-27.5	-34.5	-39.5
Tochigi	Workplace	-12.0	-40.0	-0.5	0.0	1.0	1.0	4.0	2.0	-2.0	-1.5	-2.5	-2.5	-2.5	-2.0	-3.0	-3.0	-5.0	-3.5	-3.0	-3.5	-6.0	-0.5	-2.5	-2.5	-3.0	-7.0	-43.5	-10.0	-1.5	-2.5	-3.0	-4.0	-4.0	-5.5	-4.5	-9.0	-7.0	-6.0	-7.0	-7.5	-7.5	-8.0	-8.5
Tochigi	Residential	3.0	11.0	0.0	0.5	1.0	1.5	2.5	3.0	3.0	2.0	3.5	3.0	4.0	4.0	5.0	3.0	4.5	2.5	3.0	3.0	6.0	3.0	3.0	2.0	2.0	1.5	15.0	3.5	2.0	2.0	2.5	2.0	2.0	3.5	5.0	9.0	4.0	4.0	5.0	4.5	5.0	5.5	6.5
Tokushima	Retail & recreation	8.0	23.0	0.0	-4.0	-5.0	-6.5	-14.5	-13.0	-6.5	-5.0	-12.0	-8.5	-11.5	-13.0	-13.5	-6.0	-5.0	-2.0	-2.0	-5.5	-8.0	-7.0	-5.0	-2.0	-0.5	3.0	15.0	-3.5	-6.5	-1.0	0.5	2.5	2.0	-4.0	-9.0	-6.0	-2.0	-3.0	-14.0	-9.5	-11.5	-14.0	-14.0
Tokushima	Grocery & pharmacy	2.0	3.0	3.0	2.0	6.0	11.0	7.0	4.0	3.0	4.5	-4.5	1.0	-2.0	-0.5	-3.0	-1.5	0.5	-0.5	2.0	-1.0	0.0	2.0	-2.0	1.0	-1.0	4.0	8.0	3.0	0.5	0.5	3.0	2.0	4.0	0.0	-1.0	2.0	2.0	4.0	-7.5	2.0	1.0	4.5	5.0
Tokushima	Parks	40.0	52.5	14.0	-0.5	-3.0	-9.0	-36.0	-1.5	9.0	7.5	-29.5	-8.0	4.5	-8.5	-25.0	11.5	-8.5	6.5	13.0	6.5	-23.5	11.0	-2.0	22.0	17.0	14.5	56.5	38.0	26.5	17.5	25.0	23.0	21.5	-2.5	-28.0	18.5	12.0	24.0	-27.5	14.5	28.5	42.0	49.0
Tokushima	Transit stations	19.0	15.0	3.5	1.0	0.5	-9.5	-24.0	-20.0	-15.0	-15.0	-23.0	-15.5	-17.5	-21.0	-30.5	-16.0	-18.0	-15.0	-6.5	-15.5	-23.5	-17.5	-14.0	-10.0	-9.0	0.5	3.0	1.0	-3.0	-7.0	-2.0	-2.0	2.0	-12.5	-22.5	-15.5	-13.0	-14.5	-24.5	-16.0	-16.0	-17.0	-16.5
Tokushima	Workplace	-13.5	-41.0	0.0	-0.5	0.5	1.0	3.5	3.0	-1.0	-3.0	-5.0	-2.0	-2.0	-2.0	-4.0	-2.0	-5.0	-4.5	-3.0	-4.0	-7.0	-2.0	-2.5	-4.0	-4.5	-6.0	-44.5	-8.5	-1.5	-2.5	-2.5	-4.5	-4.0	-5.0	-5.0	-1.0	-4.0	-5.5	-10.0	-8.0	-8.0	-7.0	-6.0
Tokushima	Residential	1.0	9.0	0.0	0.0	1.0	1.0	4.0	3.5	2.0	2.5	4.5	3.0	3.0	4.0	5.0	2.5	4.0	2.0	2.0	2.0	4.5	3.0	3.0	2.0	2.0	1.0	12.0	2.5	2.0	2.0	2.0	1.5	1.5	3.5	5.0	3.0	2.5	3.0	5.0	3.5	3.5	4.0	4.0
Tokyo	Retail & recreation	-4.0	-6.0	-8.0	-11.0	-9.0	-10.0	-14.0	-16.0	-21.0	-10.0	-20.0	-15.0	-15.0	-19.0	-26.0	-14.0	-20.5	-10.5	-10.0	-11.5	-29.5	-12.0	-14.0	-10.0	-10.0	-4.0	-14.5	-13.5	-13.5	-13.5	-9.0	-7.0	-10.0	-19.5	-43.5	-60.0	-30.0	-24.0	-37.0	-30.5	-30.0	-39.5	-49.5
Tokyo	Grocery & pharmacy	1.0	-1.0	3.5	1.0	6.5	14.0	10.0	7.0	-2.5	7.5	-4.0	1.0	2.5	-0.5	-8.0	2.0	-8.5	5.0	3.5	2.5	-15.0	8.5	0.0	3.0	3.5	3.0	1.5	3.5	3.0	-0.5	2.5	12.5	24.0	12.5	-7.5	-28.5	4.5	5.0	-13.0	4.0	8.0	5.0	-4.0
Tokyo	Parks	17.0	24.5	-7.5	-15.0	-9.0	-7.0	-5.0	5.5	-30.5	5.0	-24.5	-10.0	-2.5	-20.0	-46.0	-0.5	-29.5	14.5	7.5	2.0	-49.5	8.5	-8.0	5.0	19.5	13.5	35.0	37.0	47.0	6.0	11.5	34.0	24.5	5.0	-29.5	-61.5	-20.0	-11.0	-40.0	-9.0	3.0	3.0	-26.0
Tokyo	Transit stations	-11.5	-35.0	-6.0	-8.0	-10.5	-13.0	-20.0	-24.5	-16.0	-17.0	-20.0	-19.0	-20.0	-25.5	-33.5	-18.0	-19.0	-18.0	-18.0	-19.0	-30.0	-24.5	-16.5	-17.5	-16.0	-14.0	-43.0	-23.5	-21.0	-16.0	-16.0	-15.0	-17.0	-24.0	-44.0	-57.0	-31.0	-27.5	-31.0	-31.5	-33.0	-45.0	-56.5
Tokyo	Workplace	-18.0	-54.0	-1.5	-2.0	-2.0	-1.0	0.0	-2.0	-6.0	-7.0	-8.5	-8.0	-8.0	-7.0	-8.0	-7.0	-10.0	-8.5	-8.5	-9.0	-10.5	-3.5	-6.0	-8.0	-7.5	-13.0	-59.0	-14.5	-5.0	-6.5	-9.0	-8.5	-11.0	-15.0	-20.0	-26.5	-16.5	-16.5	-20.5	-21.5	-22.0	-24.5	-27.5
Tokyo	Residential	4.0	15.5	1.0	2.0	2.5	3.0	4.0	4.0	5.5	5.0	7.0	6.0	6.5	6.0	6.5	5.0	7.5	5.0	5.5	6.0	8.0	3.0	5.0	5.0	4.0	4.0	20.0	5.0	2.0	4.0	5.0	4.0	5.0	9.0	12.0	13.5	10.0	10.0	12.0	12.0	13.0	12.5	12.0
Tottori	Retail & recreation	9.0	23.0	-1.0	0.0	-0.5	0.0	-6.0	-3.0	-1.5	-1.0	-4.0	-4.5	-4.0	-7.0	-5.5	-3.0	-1.0	1.0	3.0	0.5	-5.0	-3.0	-3.0	3.0	4.0	11.5	25.5	5.0	-2.5	0.0	3.0	10.5	8.0	2.5	-2.0	-1.0	5.0	4.0	-7.0	-2.5	-2.0	-5.0	-6.0
Tottori	Grocery & pharmacy	8.0	6.5	7.0	4.0	4.0	7.5	9.5	10.0	4.0	7.0	2.5	3.5	3.5	2.5	3.0	0.5	2.0	2.0	4.5	2.5	2.5	8.5	3.0	5.0	4.0	8.0	15.5	8.0	4.0	0.0	3.0	9.0	9.0	3.0	3.5	7.0	2.0	7.0	-3.0	4.5	5.5	7.0	11.5
Tottori	Parks	40.0	76.5	5.5	5.0	1.0	-1.0	-19.5	-2.0	1.5	9.5	-1.0	-4.0	17.5	1.0	-14.5	17.5	-9.0	8.0	35.0	17.5	-25.0	-4.5	-6.0	25.5	42.0	36.0	85.0	65.0	9.0	26.0	33.0	54.0	45.5	-0.5	-8.5	10.5	32.5	40.5	-8.0	23.5	50.5	39.5	16.0
Tottori	Transit stations	15.0	14.0	3.0	3.0	-3.5	-13.0	-23.0	-22.0	-18.0	-20.5	-18.0	-20.0	-17.0	-21.0	-22.5	-13.5	-20.5	-15.0	-12.0	-15.0	-23.5	-17.0	-16.5	-13.0	-4.0	0.0	6.0	6.5	-7.0	-8.0	-11.0	-3.5	-8.0	-15.0	-18.0	-14.0	-11.5	-15.0	-22.5	-19.0	-18.0	-17.5	-22.0
Tottori	Workplace	-14.0	-44.5	0.5	0.5	1.0	2.0	7.0	4.0	-1.0	-1.0	-1.0	-2.0	-2.0	0.0	-2.0	-2.0	-4.0	-2.0	-2.0	-3.0	-6.0	-1.0	-2.0	-2.0	-1.0	-6.5	-48.5	-7.5	0.5	-1.0	-1.0	-2.0	-2.5	-4.5	-2.0	1.0	-3.0	-3.5	-5.5	-6.0	-6.5	-5.0	-5.0
Tottori	Residential	2.0	11.0	-0.5	0.0	0.0	0.5	1.5	2.0	1.5	1.5	2.5	2.5	2.0	2.5	3.0	2.0	3.0	2.0	1.0	2.0	4.0	2.5	3.0	1.5	1.0	0.0	13.5	2.0	1.5	1.0	1.0	0.5	0.5	3.0	2.5	2.0	1.5	1.5	3.0	2.0	2.0	2.5	3.0
Toyama	Retail & recreation	2.0	26.5	-0.5	1.0	0.0	0.0	-6.0	-7.0	-2.0	0.0	-3.0	-3.0	-3.5	-7.0	-8.0	0.0	-2.5	1.0	6.5	1.0	-4.0	-6.0	-2.0	-0.5	5.5	10.0	14.0	3.0	-7.5	3.5	4.0	11.5	10.5	2.5	-4.0	-6.0	6.0	4.5	-9.0	-9.0	-9.0	-15.5	-24.0
Toyama	Grocery & pharmacy	4.0	7.0	3.0	4.5	6.5	14.0	14.5	13.0	9.0	7.5	2.5	3.5	4.0	4.0	3.0	2.0	1.0	0.5	6.0	3.5	2.5	3.5	2.5	2.0	3.0	7.0	4.0	6.0	2.0	4.0	3.0	6.0	9.0	5.0	5.0	5.5	5.0	8.0	3.0	6.0	8.0	8.5	5.5
Toyama	Parks	-1.0	59.5	-9.0	2.0	2.5	2.0	6.0	1.0	1.5	3.0	-4.0	-6.5	7.5	14.0	-5.5	26.5	-20.0	-7.0	40.0	8.5	-27.0	4.0	-18.0	-2.0	29.5	45.5	2.0	51.0	-10.0	20.5	3.0	49.0	67.0	0.5	-26.5	-20.0	24.0	39.0	-6.5	6.0	57.5	53.0	2.5
Toyama	Transit stations	-9.5	-2.5	-1.0	-4.0	-8.0	-12.5	-22.0	-24.0	-18.0	-19.0	-19.0	-20.0	-18.0	-21.0	-26.5	-11.5	-18.0	-18.0	-14.0	-19.0	-28.0	-24.0	-19.0	-18.0	-14.0	-6.5	-23.5	2.0	-13.0	-7.0	-11.0	-6.0	-5.0	-15.0	-22.0	-25.5	-12.5	-14.0	-23.5	-24.5	-21.0	-26.0	-38.0
Toyama	Workplace	-16.0	-46.0	0.0	0.5	0.5	2.0	7.0	3.0	-1.0	-2.0	-1.5	-2.0	-2.0	-1.0	-2.0	-2.0	-2.5	-2.0	-2.5	-4.0	-6.0	-1.5	-2.0	-3.0	-2.0	-5.0	-48.0	-10.0	-1.5	-2.0	-2.5	-3.0	-3.0	-3.0	-3.0	-0.5	-4.0	-4.0	-5.5	-6.5	-7.0	-8.0	-9.5
Toyama	Residential	4.0	12.5	1.0	0.5	1.0	1.0	1.5	2.5	2.0	2.5	3.0	3.0	3.0	2.5	3.5	2.0	3.0	3.0	1.5	3.0	4.0	3.0	3.0	3.0	1.5	0.5	18.0	3.0	3.5	1.5	2.0	1.0	1.0	3.0	3.5	4.0	2.0	2.5	4.0	4.5	5.0	6.0	7.5
Wakayama	Retail & recreation	3.5	15.0	-4.0	-4.0	-3.5	-5.0	-13.0	-8.0	-4.0	-3.5	-12.0	-6.0	-9.0	-11.0	-13.5	-4.5	-6.5	-3.0	-1.5	-4.5	-9.0	-7.5	-5.0	-2.0	-1.0	3.0	16.5	-1.5	-6.5	-1.5	-1.0	3.0	2.0	-6.5	-12.0	-8.0	-4.5	-2.5	-15.0	-9.5	-11.0	-13.0	-13.5
Wakayama	Grocery & pharmacy	6.0	6.0	4.5	-1.5	3.0	6.0	4.0	12.5	5.0	6.5	-6.0	3.0	-0.5	1.0	-2.0	1.0	-1.0	1.0	2.5	2.0	-0.5	8.5	1.0	4.0	1.0	5.0	13.5	9.0	4.0	2.0	4.0	5.0	7.0	1.0	0.5	6.0	1.0	6.0	-3.5	3.5	4.0	6.0	7.5
Wakayama	Parks	48.5	60.0	4.5	-1.0	0.0	-8.5	-34.5	1.5	3.5	7.0	-25.0	1.0	8.5	-3.0	-27.0	8.5	-20.0	12.5	22.5	10.5	-25.5	18.5	-5.5	21.5	26.0	14.5	78.5	61.5	37.0	19.0	24.5	33.0	35.5	-13.5	-22.5	10.5	-5.5	19.5	-23.5	20.5	36.0	43.0	51.0
Wakayama	Transit stations	4.0	-5.0	-4.0	-7.5	-9.0	-13.5	-31.0	-24.5	-15.0	-16.0	-21.0	-17.0	-18.0	-23.5	-35.5	-14.0	-21.5	-13.5	-11.5	-15.0	-29.5	-18.0	-13.0	-10.5	-7.5	-5.0	-6.0	-0.5	-7.5	-6.0	-7.5	-5.0	-5.0	-17.0	-29.0	-23.5	-15.0	-16.5	-23.0	-17.5	-16.0	-21.0	-23.0
Wakayama	Workplace	-14.0	-40.5	0.0	0.0	0.0	1.0	1.5	0.5	-1.0	-2.5	-5.0	-2.5	-2.5	-2.0	-4.0	-2.0	-5.5	-4.0	-3.0	-3.0	-6.0	-2.5	-2.0	-3.0	-3.0	-6.0	-44.5	-8.5	-2.0	-3.0	-3.0	-3.0	-4.0	-6.0	-4.0	-3.0	-4.0	-5.0	-8.0	-7.5	-6.0	-6.5	-6.0
Wakayama	Residential	2.5	9.5	0.0	1.0	1.0	1.0	4.0	2.5	2.0	2.0	4.0	2.5	2.5	3.5	5.0	2.0	4.0	2.0	1.5	2.0	5.0	2.5	3.0	2.0	1.5	1.0	11.0	2.5	2.0	2.0	2.0	1.0	1.0	4.0	4.5	3.5	3.0	3.0	5.0	3.5	3.0	4.0	4.0
Yamagata	Retail & recreation	2.5	27.5	3.0	4.0	1.0	0.0	-3.0	-6.0	-5.0	0.0	-1.5	-7.0	-7.0	-5.0	-5.0	-2.5	0.5	3.0	4.0	-2.5	0.0	-0.5	0.0	2.0	8.0	13.0	18.0	3.0	-5.0	1.0	3.5	11.5	10.0	3.5	2.0	-2.0	7.0	7.0	-2.0	-6.0	-8.5	-12.0	-18.0
Yamagata	Grocery & pharmacy	0.5	7.0	6.0	6.0	6.0	9.0	13.5	10.0	2.5	6.0	1.0	-1.0	-2.5	2.0	1.5	0.0	4.0	2.5	4.0	-2.0	2.5	5.0	-1.0	2.0	4.5	7.0	5.0	4.0	0.5	-0.5	0.0	7.0	7.0	1.5	6.0	5.0	2.0	6.5	6.5	5.0	0.0	4.0	1.5
Yamagata	Parks	-18.5	13.0	11.0	13.0	-1.0	-7.5	-7.0	-10.5	-4.5	9.0	7.0	-12.5	-8.0	14.0	-2.5	23.5	-5.0	0.5	20.0	4.5	-5.0	17.5	-9.0	6.5	22.5	42.5	-9.0	6.5	-28.0	12.0	-2.5	31.0	39.5	10.0	1.0	-10.5	24.0	38.0	6.0	3.0	23.0	29.0	-17.5
Yamagata	Transit stations	-4.0	1.0	0.0	-1.5	-9.0	-19.5	-27.0	-29.0	-29.0	-25.0	-24.0	-29.5	-28.0	-21.5	-26.0	-22.0	-23.5	-22.5	-22.0	-25.0	-23.0	-20.5	-25.0	-22.5	-16.0	-9.5	-19.0	-10.5	-19.0	-17.0	-18.0	-13.0	-13.0	-19.5	-18.0	-25.5	-18.5	-18.0	-24.5	-30.0	-30.0	-31.0	-43.0
Yamagata	Workplace	-16.0	-45.5	0.5	1.0	0.5	2.0	7.0	2.0	-2.0	-1.5	-1.5	-2.0	-2.0	-1.0	-3.0	-3.0	-3.5	-2.5	-3.0	-3.0	-7.0	-4.0	-4.5	-3.5	-4.0	-6.5	-49.0	-12.0	-3.5	-3.0	-3.5	-3.0	-4.0	-4.0	-6.0	-1.5	-6.0	-5.0	-5.0	-7.0	-8.0	-8.0	-9.5
Yamagata	Residential	3.5	12.5	-0.5	0.0	0.5	1.0	1.5	2.0	2.5	2.0	3.0	3.5	4.0	3.0	3.0	2.0	3.0	3.0	2.0	3.0	3.5	2.0	3.0	2.5	2.0	0.5	17.0	4.0	2.0	1.5	2.5	1.5	1.5	2.5	3.0	2.0	2.0	2.0	3.0	4.0	4.5	5.5	6.0
Yamaguchi	Retail & recreation	5.0	18.0	-0.5	-0.5	1.0	-1.0	-6.5	-3.5	-4.0	-1.5	-8.5	-6.0	-9.0	-13.0	-9.0	-9.0	-7.5	-3.5	-1.0	-2.5	-3.0	-7.0	-6.0	-3.0	-4.0	6.0	14.5	-1.5	-8.0	-4.0	-1.0	2.0	0.0	-10.5	-8.0	-5.0	-3.0	-2.5	-8.5	-4.0	-7.0	-8.0	-10.5
Yamaguchi	Grocery & pharmacy	7.0	4.0	4.0	3.0	8.0	11.0	7.5	9.5	7.0	4.0	1.5	2.0	-0.5	-2.0	2.0	0.5	-2.0	1.0	4.0	2.0	1.5	3.0	0.5	1.0	1.0	4.0	7.0	4.0	0.0	1.0	1.5	5.0	3.0	-5.5	1.0	7.0	4.0	2.5	-2.0	4.0	3.5	5.0	7.0
Yamaguchi	Parks	65.0	72.0	4.5	6.0	4.5	-13.0	-33.0	2.0	6.0	8.5	-10.5	-0.5	2.0	-25.0	5.5	8.0	-16.5	7.5	18.0	6.5	-4.5	4.5	3.0	22.5	18.0	24.5	58.5	43.0	5.0	25.0	33.0	32.0	0.0	-30.0	-27.5	36.0	22.5	17.0	-10.5	40.5	38.0	50.5	55.5
Yamaguchi	Transit stations	21.5	14.0	2.5	0.5	-4.0	-12.5	-22.0	-16.0	-14.0	-13.0	-18.0	-15.0	-19.5	-26.0	-19.0	-14.5	-19.0	-13.0	-11.0	-16.0	-15.0	-14.0	-14.0	-9.0	-8.0	-0.5	-1.5	2.0	-4.5	-5.0	-7.0	-4.0	-9.0	-20.0	-19.5	-9.0	-10.0	-12.0	-19.0	-14.5	-18.0	-19.0	-20.0
Yamaguchi	Workplace	-13.5	-42.0	0.5	1.0	0.0	1.0	4.0	5.0	-0.5	-2.5	-2.5	-3.0	-2.5	-3.0	-3.0	-3.0	-5.0	-3.0	-3.0	-3.5	-6.0	-3.5	-2.0	-3.0	-2.0	-8.0	-44.5	-10.5	-3.0	-2.5	-4.0	-4.0	-4.5	-6.0	-5.0	0.0	-5.5	-6.0	-7.5	-8.0	-8.0	-6.0	-6.5
Yamaguchi	Residential	1.0	9.5	-0.5	-0.5	0.0	1.5	3.0	2.0	2.0	1.5	3.0	3.0	3.5	5.0	3.5	3.0	4.0	2.0	2.0	3.0	3.5	3.0	3.0	2.0	1.5	1.0	13.0	2.5	2.5	2.0	2.0	1.0	2.5	5.5	4.5	2.0	3.0	3.0	4.0	3.0	4.0	4.0	4.0
Yamanashi	Retail & recreation	13.5	25.0	1.0	-1.0	0.0	-1.0	-5.0	-7.0	-7.0	-3.0	-7.5	-7.0	-8.0	-10.5	-20.0	-10.5	-10.5	-3.5	-4.0	-8.0	-17.0	-8.5	-7.0	-3.0	-4.0	4.5	17.0	4.0	-3.0	-3.0	0.0	1.0	3.0	-4.5	-11.5	-26.0	-8.0	-3.5	-15.0	-13.0	-13.0	-15.5	-19.0
Yamanashi	Grocery & pharmacy	10.0	6.5	4.0	2.0	5.5	10.5	9.0	5.5	0.0	5.0	0.5	0.5	-2.0	0.0	-4.5	-3.0	-2.0	2.5	3.0	-1.0	-5.5	4.5	-2.5	3.0	3.5	6.0	12.0	10.0	7.0	-1.5	2.0	5.5	11.0	2.5	0.5	-12.5	-1.5	4.0	-3.0	2.5	1.0	4.0	4.0
Yamanashi	Parks	54.5	69.5	-11.0	-13.5	-4.5	-5.5	-17.5	-8.0	-24.0	-0.5	-18.0	-11.5	4.0	-13.0	-48.5	-3.0	-29.5	5.5	7.0	3.5	-47.0	-4.0	-13.5	3.0	10.0	15.0	77.0	63.0	26.5	-1.5	5.5	24.0	30.0	9.0	-22.0	-51.5	-20.0	-12.0	-35.5	-0.5	19.0	23.0	5.0
Yamanashi	Transit stations	29.5	29.0	-2.0	-6.0	-6.0	-13.5	-24.5	-23.0	-24.5	-16.5	-22.5	-19.5	-16.0	-23.5	-37.0	-19.5	-25.0	-12.5	-12.0	-16.0	-36.0	-18.5	-18.0	-13.0	-9.0	1.0	23.5	15.5	7.0	-9.0	-9.5	-2.5	-1.0	-11.0	-33.0	-48.5	-27.5	-25.0	-32.5	-26.5	-24.5	-29.0	-35.0
Yamanashi	Workplace	-13.5	-43.0	-0.5	-0.5	1.0	1.0	5.0	4.0	-2.0	-1.0	-4.0	-3.0	-3.0	-4.0	-6.0	-3.0	-5.5	-6.0	-3.5	-4.0	-9.0	-3.0	-3.0	-3.0	-3.0	-7.5	-46.5	-11.5	-2.0	-3.0	-4.0	-3.0	-3.5	-5.5	-5.5	-9.0	-6.0	-6.0	-9.0	-8.0	-8.5	-9.0	-9.0
Yamanashi	Residential	2.0	11.0	0.5	1.0	0.5	1.5	2.5	2.5	3.0	2.5	3.5	3.0	4.0	4.0	6.0	3.5	5.0	3.0	3.0	4.0	7.0	3.5	3.5	3.0	2.0	1.5	15.0	3.5	2.0	2.5	3.0	2.0	1.5	4.0	5.0	7.5	4.5	4.5	6.0	4.5	6.0	6.5	6.5
